page_id,section,page_name,url,page_type,market,language,primary_keyword,secondary_keywords,search_intent,buyer_stage,source_cluster,page_role,excluded_keywords,cannibalization_boundary,priority,mapping_status,verification_status,notes,title,meta_description,h1,canonical,robots,schema_type,breadcrumb_parent,primary_internal_link_sources,last_reviewed_date,target_sitemap,exception_directive,delivery_status,source_manifest
HOME-001,HOME,Home,/,Homepage,GLOBAL,EN,malaysia titanium dioxide,titanium dioxide malaysia | malaysia tio2 | titanium dioxide supplier malaysia | malaysia titanium dioxide supplier | malaysia titanium dioxide exporter | export titanium dioxide from malaysia,C,Supplier Search,ORIGIN-01,"Own the broad Malaysia TiO2 and Malaysia supplier proposition; route buyers to markets, products, documents, and RFQ.",country-specific supplier terms | exact grade terms | non-China guide terms | company-proof terms,Home owns broad commercial Malaysia supply intent; About owns origin/manufacturing proof; Market pages own destination-country intent.,P0,APPROVED_PRD_V0.3,QUALITATIVE_KEYWORD_EVIDENCE,Overrides the former Malaysia Origin landing-page mapping in the research snapshot.,Malaysia Titanium Dioxide Supplier | TiO₂ Malaysia,"Explore titanium dioxide grades, applications, destination markets and document request paths through TiO₂ Malaysia for international industrial buyers.",Malaysia Titanium Dioxide for Industrial Buyers,https://tio2products.com/,"index, follow",WebSite|WebPage|Organization|Brand,NONE,GLOBAL_CHROME_LOGO,2026-09-13,YES,NONE,CURRENT_APPROVED_OR_PRERELEASE_VALUE_DELIVERED,pages/home/07_qa/HOME-001_GATE9_CURRENT_IMPLEMENTATION_MANIFEST_V0.2.md
ABOUT-001,ABOUT,About TiO2 Malaysia,/about/,Trust / company page,GLOBAL,EN,malaysia titanium dioxide manufacturer,malaysia origin titanium dioxide | malaysia-origin titanium dioxide | made in malaysia titanium dioxide | titanium dioxide manufactured in malaysia | malaysia titanium dioxide country of origin | titanium dioxide traceability malaysia,I,Technical Evaluation,ORIGIN-01,"Prove operating entity, Malaysia manufacturing/origin, quality, traceability, and export support.",broad supplier search | destination-market supplier terms | RFQ terms,About owns evidence and corporate trust; Home owns broad commercial Malaysia supply intent; Documents owns document requests.,P1,APPROVED_PRD_V0.3,FACT_EVIDENCE_REQUIRED,Malaysia Origin content is integrated into this page; there is no separate top-level Origin page.,Malaysia Titanium Dioxide Manufacturer | TiO2 Malaysia,"Learn about IKHLAS TITANIUM (MALAYSIA) SDN. BHD., a Malaysia-based rutile TiO2 manufacturer with product documentation and export coordination through Port Klang.",Malaysia-Based Titanium Dioxide Supply for Global Markets,https://tio2products.com/about/,"index, follow",WebPage|BreadcrumbList,HOME-001,HOME-001|GLOBAL_CHROME_PRIMARY_NAV,2026-09-13,YES,NONE,CURRENT_APPROVED_OR_PRERELEASE_VALUE_DELIVERED,pages/about-contact/05_review/ABOUT-001_GATE5_CURRENT_VISUAL_MANIFEST_V0.3.md
MARKET-000,MARKETS,Markets,/markets/,Navigation hub,GLOBAL,EN,NO_PRIMARY_KEYWORD,EU | United Kingdom | India | Brazil,N,Navigation,MARKET-EU-01 | MARKET-UK-01 | MARKET-IN-01 | MARKET-BR-EN,Route buyers to the four approved market systems.,all country-level supplier keywords,This hub must not compete with individual market pages.,P1,APPROVED_NAVIGATION_HUB,NO_DIRECT_KEYWORD_TARGET,"Indexable navigation hub, but not assigned a standalone acquisition keyword.",Markets for Titanium Dioxide Procurement | TiO2 Malaysia,"Navigate titanium dioxide procurement information for the European Union, United Kingdom, India, and Brazil, with clear guidance on the next review step.",Choose Your Destination Market,https://tio2products.com/markets/,"index, follow",CollectionPage|ItemList|BreadcrumbList,HOME-001,HOME-001|GLOBAL_CHROME_PRIMARY_NAV,2026-09-13,YES,NONE,CURRENT_APPROVED_OR_PRERELEASE_VALUE_DELIVERED,pages/markets/07_qa/MARKET-000_CURRENT_GATE9_BASELINE_MANIFEST_V0.1.md
MARKET-EU-001,MARKETS,European Union,/markets/european-union/,Market procurement landing page,EU,EN,titanium dioxide supplier europe,tio2 supplier europe | titanium dioxide manufacturer europe | titanium dioxide importer europe | malaysia titanium dioxide europe | non china titanium dioxide europe | titanium dioxide anti dumping europe | titanium dioxide tariff europe | titanium dioxide import europe | titanium dioxide for coatings europe,C,Supplier Search,MARKET-EU-01,"Own Europe/EU supplier intent, EU compliance context, origin documentation, applications, and country-page routing.",generic application terms | exact grade terms | detailed trade-update terms,Country page owns explicit country modifier; EU page owns Europe/EU modifier; Resources owns detailed trade-policy queries.,P0,APPROVED_PRD_V0.3,QUALITATIVE_KEYWORD_EVIDENCE,Market facts and trade statements require current official-source review before publication.,Malaysia Titanium Dioxide Supplier for EU Buyers | TiO2 Malaysia,"Evaluate titanium dioxide supply for EU procurement by application, grade, documents, origin and import requirements. Request a quote from TiO2 Malaysia.",Malaysia-Origin Titanium Dioxide for European Union Buyers,https://tio2products.com/markets/european-union/,"index, follow",WebPage|BreadcrumbList,MARKET-000,MARKET-000|HOME-001,2026-09-13,YES,NONE,CURRENT_APPROVED_OR_PRERELEASE_VALUE_DELIVERED,pages/markets/07_qa/MARKET-EU-001_CURRENT_GATE9_BASELINE_MANIFEST_V0.21.md
MARKET-EU-DE,MARKETS,Germany,/markets/germany/,Market procurement landing page,GERMANY,EN,titanium dioxide supplier germany,tio2 supplier germany | malaysia titanium dioxide germany,C,Supplier Search,MARKET-EU-02,Own Germany-specific supplier and procurement intent; link to EU-level compliance context.,generic application terms | exact grade terms | detailed trade-update terms,Country page owns explicit country modifier; EU page owns Europe/EU modifier; Resources owns detailed trade-policy queries.,P1,APPROVED_PRD_V0.3,QUALITATIVE_KEYWORD_EVIDENCE,Market facts and trade statements require current official-source review before publication.,Titanium Dioxide Supplier for Germany | TiO2 Malaysia,"Evaluate Malaysia-origin titanium dioxide for coatings, plastics and masterbatch procurement in Germany. Review products, documents, samples and quote inputs.",Titanium Dioxide Supplier for Germany,https://tio2products.com/markets/germany/,"index, follow",WebPage|BreadcrumbList,MARKET-000,MARKET-000|HOME-001,2026-09-13,YES,NONE,CURRENT_APPROVED_OR_PRERELEASE_VALUE_DELIVERED,pages/markets/germany/MARKET-EU-DE_CURRENT_GATE_BASELINE_MANIFEST_V0.13.md
MARKET-EU-IT,MARKETS,Italy,/markets/italy/,Market procurement landing page,ITALY,EN,titanium dioxide supplier italy,tio2 supplier italy | malaysia titanium dioxide italy,C,Supplier Search,MARKET-EU-02,Own Italy-specific supplier and procurement intent; link to EU-level compliance context.,generic application terms | exact grade terms | detailed trade-update terms,Country page owns explicit country modifier; EU page owns Europe/EU modifier; Resources owns detailed trade-policy queries.,P2,APPROVED_PRD_V0.3,QUALITATIVE_KEYWORD_EVIDENCE,Market facts and trade statements require current official-source review before publication.,Titanium Dioxide Supplier for Italy | TiO2 Malaysia,"Evaluate Malaysia-origin titanium dioxide for coatings, compound, masterbatch and packaging-printing projects in Italy. Review products, documents and quote inputs.",Titanium Dioxide Supplier for Italy,https://tio2products.com/markets/italy/,"index, follow",WebPage|BreadcrumbList,MARKET-000,MARKET-000|HOME-001,2026-09-13,YES,NONE,CURRENT_APPROVED_OR_PRERELEASE_VALUE_DELIVERED,pages/markets/italy/MARKET-EU-IT_CURRENT_GATE_BASELINE_MANIFEST_V0.13.md
MARKET-EU-ES,MARKETS,Spain,/markets/spain/,Market procurement landing page,SPAIN,EN,titanium dioxide supplier spain,tio2 supplier spain | malaysia titanium dioxide spain,C,Supplier Search,MARKET-EU-02,Own Spain-specific supplier and procurement intent; link to EU-level compliance context.,generic application terms | exact grade terms | detailed trade-update terms,Country page owns explicit country modifier; EU page owns Europe/EU modifier; Resources owns detailed trade-policy queries.,P2,APPROVED_PRD_V0.3,QUALITATIVE_KEYWORD_EVIDENCE,Market facts and trade statements require current official-source review before publication.,Titanium Dioxide Supplier for Spain | TiO2 Malaysia,"Explore Malaysia-origin titanium dioxide for your project in Spain. Review product grades and document needs, then request a quote for your requirements.",Titanium Dioxide Supplier for Spain,https://tio2products.com/markets/spain/,"index, follow",WebPage|BreadcrumbList,MARKET-000,MARKET-000|HOME-001,2026-09-13,YES,NONE,CURRENT_APPROVED_OR_PRERELEASE_VALUE_DELIVERED,pages/markets/spain/MARKET-EU-ES_CURRENT_GATE_BASELINE_MANIFEST_V0.20.md
MARKET-EU-PL,MARKETS,Poland,/markets/poland/,Market procurement landing page,POLAND,EN,titanium dioxide supplier poland,tio2 supplier poland | malaysia titanium dioxide poland,C,Supplier Search,MARKET-EU-02,Own Poland-specific supplier and procurement intent; link to EU-level compliance context.,generic application terms | exact grade terms | detailed trade-update terms,Country page owns explicit country modifier; EU page owns Europe/EU modifier; Resources owns detailed trade-policy queries.,P2,APPROVED_PRD_V0.3,QUALITATIVE_KEYWORD_EVIDENCE,Market facts and trade statements require current official-source review before publication.,Titanium Dioxide Supplier for Poland | TiO2 Malaysia,"Compare Malaysia-origin titanium dioxide grades for coatings, plastics and masterbatch in Poland. Request product documents or submit a quotation request.",Titanium Dioxide Supplier for Poland,https://tio2products.com/markets/poland/,"index, follow",WebPage|BreadcrumbList,MARKET-000,MARKET-000|HOME-001,2026-09-13,YES,NONE,CURRENT_APPROVED_OR_PRERELEASE_VALUE_DELIVERED,pages/markets/poland/MARKET-EU-PL_CURRENT_GATE_BASELINE_MANIFEST_V0.25.md
MARKET-EU-NL,MARKETS,Netherlands,/markets/netherlands/,Market procurement landing page,NETHERLANDS,EN,titanium dioxide supplier netherlands,tio2 supplier netherlands | malaysia titanium dioxide netherlands,C,Supplier Search,MARKET-EU-02,Own Netherlands-specific supplier and procurement intent; link to EU-level compliance context.,generic application terms | exact grade terms | detailed trade-update terms,Country page owns explicit country modifier; EU page owns Europe/EU modifier; Resources owns detailed trade-policy queries.,P2,APPROVED_PRD_V0.3,QUALITATIVE_KEYWORD_EVIDENCE,Market facts and trade statements require current official-source review before publication.,Titanium Dioxide Supplier Netherlands | TiO2 Malaysia,"Explore Malaysia-origin titanium dioxide for coatings, printing inks, plastics and masterbatch projects in the Netherlands, then request documents or a quote.",Titanium Dioxide Supplier for the Netherlands,https://tio2products.com/markets/netherlands/,"index, follow",WebPage|BreadcrumbList,MARKET-000,MARKET-000|HOME-001,2026-09-13,YES,NONE,CURRENT_APPROVED_OR_PRERELEASE_VALUE_DELIVERED,pages/markets/netherlands/MARKET-EU-NL_CURRENT_GATE_BASELINE_MANIFEST_V0.16.md
MARKET-EU-BE,MARKETS,Belgium,/markets/belgium/,Market procurement landing page,BELGIUM,EN,titanium dioxide supplier belgium,tio2 supplier belgium | malaysia titanium dioxide belgium,C,Supplier Search,MARKET-EU-02,Own Belgium-specific supplier and procurement intent; link to EU-level compliance context.,generic application terms | exact grade terms | detailed trade-update terms,Country page owns explicit country modifier; EU page owns Europe/EU modifier; Resources owns detailed trade-policy queries.,P2,APPROVED_PRD_V0.3,QUALITATIVE_KEYWORD_EVIDENCE,Market facts and trade statements require current official-source review before publication.,Titanium Dioxide Supplier Belgium | TiO2 Malaysia,"Source Malaysia-origin industrial titanium dioxide for coatings and plastics projects in Belgium. Review product information and documents, or request a quote.",Titanium Dioxide Supplier for Belgium,https://tio2products.com/markets/belgium/,"index, follow",WebPage|BreadcrumbList,MARKET-000,MARKET-000|HOME-001,2026-09-13,YES,NONE,CURRENT_APPROVED_OR_PRERELEASE_VALUE_DELIVERED,pages/markets/belgium/MARKET-EU-BE_CURRENT_GATE_BASELINE_MANIFEST_V0.16.md
MARKET-UK-001,MARKETS,United Kingdom,/markets/united-kingdom/,Market procurement landing page,UK,EN,titanium dioxide supplier uk,tio2 supplier uk | titanium dioxide manufacturer uk | titanium dioxide import uk | malaysia titanium dioxide uk | non china titanium dioxide uk | titanium dioxide anti dumping uk | titanium dioxide tariff uk,C,Supplier Search,MARKET-UK-01,"Own UK supplier intent, local procurement context, applications, documentation, and RFQ routing.",generic application terms | exact grade terms | detailed trade-update terms,Country page owns explicit country modifier; EU page owns Europe/EU modifier; Resources owns detailed trade-policy queries.,P0,APPROVED_PRD_V0.3,QUALITATIVE_KEYWORD_EVIDENCE,Market facts and trade statements require current official-source review before publication.,Malaysia Titanium Dioxide Supplier for UK Buyers | TiO2 Malaysia,"Explore Malaysia-origin titanium dioxide for UK industrial applications, representative grades, GB or NI review paths, documents and RFQ steps.",Malaysia-Origin Titanium Dioxide for United Kingdom Buyers,https://tio2products.com/markets/united-kingdom/,"index, follow",WebPage|BreadcrumbList,MARKET-000,MARKET-000|HOME-001,2026-09-13,YES,NONE,CURRENT_APPROVED_OR_PRERELEASE_VALUE_DELIVERED,pages/markets/06_handoff/MARKET-UK-001_CURRENT_GATE8_AUTHORIZATION_MANIFEST_V0.7.md
MARKET-IN-001,MARKETS,India,/markets/india/,Market procurement landing page,INDIA,EN,titanium dioxide supplier india,tio2 supplier india | titanium dioxide manufacturer india | titanium dioxide import india | malaysia titanium dioxide india | non china titanium dioxide india | titanium dioxide price india | titanium dioxide anti dumping india | titanium dioxide for paint india | titanium dioxide for plastics india | titanium dioxide for masterbatch india,C,Supplier Search,MARKET-IN-01,"Own India supplier, price, paints, plastics, and masterbatch procurement intent.",generic application terms | exact grade terms | detailed trade-update terms,Country page owns explicit country modifier; EU page owns Europe/EU modifier; Resources owns detailed trade-policy queries.,P0,APPROVED_PRD_V0.3,QUALITATIVE_KEYWORD_EVIDENCE,Market facts and trade statements require current official-source review before publication.,Titanium Dioxide Supplier India | TiO2 Malaysia,"Explore Malaysia-origin industrial titanium dioxide Grades for coatings, plastics and masterbatch production in India. Request documents or request a quote.",Titanium Dioxide Supplier for India,https://tio2products.com/markets/india/,"index, follow",WebPage|BreadcrumbList,MARKET-000,MARKET-000|HOME-001,2026-09-13,YES,NONE,CURRENT_APPROVED_OR_PRERELEASE_VALUE_DELIVERED,pages/markets/india/MARKET-IN-001_CURRENT_GATE_BASELINE_MANIFEST_V0.18.md
MARKET-BR-EN,MARKETS,Brazil,/markets/brazil/,Market procurement landing page,BRAZIL,EN,titanium dioxide supplier brazil,titanium dioxide brazil | tio2 brazil | titanium dioxide importer brazil | malaysia titanium dioxide brazil | non china titanium dioxide brazil | titanium dioxide anti dumping brazil,C,Supplier Search,MARKET-BR-EN,Own English-language Brazil supplier and importer intent.,generic application terms | exact grade terms | detailed trade-update terms,Country page owns explicit country modifier; EU page owns Europe/EU modifier; Resources owns detailed trade-policy queries.,P1,APPROVED_PRD_V0.3,QUALITATIVE_KEYWORD_EVIDENCE,Market facts and trade statements require current official-source review before publication.,Titanium Dioxide Supplier Brazil | TiO2 Malaysia,"Explore Malaysia-origin industrial titanium dioxide Grades for coatings, plastics and masterbatch production in Brazil. Request documents or request a quote.",Titanium Dioxide Supplier for Brazil,https://tio2products.com/markets/brazil/,"index, follow",WebPage|BreadcrumbList,MARKET-000,MARKET-000|HOME-001,2026-09-13,YES,NONE,CURRENT_APPROVED_OR_PRERELEASE_VALUE_DELIVERED,pages/markets/brazil/MARKET-BR-EN_CURRENT_GATE_BASELINE_MANIFEST_V0.16.md
MARKET-BR-PT,MARKETS,Brazil Portuguese,/pt-br/markets/brazil/,Localized market procurement landing page,BRAZIL,PT-BR,fornecedor de dióxido de titânio,dióxido de titânio brasil | importador de dióxido de titânio | dióxido de titânio para tintas | dióxido de titânio para plásticos | fornecedor de tio2 brasil | fabricante de dióxido de titânio brasil | dióxido de titânio preço | antidumping dióxido de titânio china brasil,C,Supplier Search,MARKET-BR-PT,"Own Portuguese-language Brazil supplier, price, coatings, and plastics intent.",English Brazil supplier terms | general Portuguese informational content unrelated to B2B pigment sourcing,PT-BR page owns Portuguese queries; English Brazil page owns English queries; use hreflang after localization approval.,P1,APPROVED_PUBLICATION_TARGET_2026-09-13,LOCALIZATION_REVIEW_REQUIRED,Language strategy and URL remain subject to the later Brazil localization decision.,Fornecedor de dióxido de titânio para o Brasil | TiO2 Malaysia,"Dióxido de titânio originário da Malásia para compradores no Brasil. Conheça grades para tintas, plásticos e masterbatch. Solicite documentos ou uma cotação.",Dióxido de titânio originário da Malásia para compradores no Brasil,https://tio2products.com/pt-br/markets/brazil/,"index, follow",WebPage|BreadcrumbList,MARKET-000,MARKET-000|HOME-001,2026-09-13,YES,LOCALIZATION_AND_HREFLANG_MUST_CLOSE_BEFORE_RELEASE,CURRENT_VALUE_DELIVERED_PENDING_PLAN_TASK_2_FINAL_RECONFIRMATION,pages/markets/brazil/MARKET-BR-PT_CURRENT_GATE_BASELINE_MANIFEST_V0.15.md
PRODUCT-000,PRODUCTS,Titanium Dioxide Products,/products/,Product hub,GLOBAL,EN,titanium dioxide pigment,tio2 pigment supplier | industrial titanium dioxide supplier | titanium white pigment | titanium dioxide grades | titanium dioxide grade selection | rutile titanium dioxide | rutile tio2 supplier | rutile titanium dioxide pigment,C,Supplier Search,PRODUCT-01 | PRODUCT-02,"Own generic pigment, rutile, grade-list, and grade-selection intent; route to process and grade pages.",exact grade terms | generic application terms | country supplier terms,Product hub owns generic product-family intent; process pages own process terms; grade pages own model terms; Applications owns use-case terms.,P0,APPROVED_PRD_V0.3,QUALITATIVE_KEYWORD_EVIDENCE,No separate Rutile landing page; rutile terms merge into this hub.,Titanium Dioxide Pigment Grades | TiO2 Malaysia,"Explore 14 titanium dioxide pigment grades by application, production process and portfolio group, then continue to grade pages for technical evaluation.",Titanium Dioxide Pigment Grades for Industrial Applications,https://tio2products.com/products/,"index, follow",CollectionPage|ItemList|BreadcrumbList,HOME-001,HOME-001|GLOBAL_CHROME_PRIMARY_NAV,2026-09-13,YES,NONE,CURRENT_APPROVED_OR_PRERELEASE_VALUE_DELIVERED,pages/products/05_review/PRODUCT-000_GATE6_CURRENT_BASELINE_MANIFEST_V0.1.md
PRODUCT-PROC-CL,PRODUCTS,Chloride Process Titanium Dioxide,/products/chloride-process-titanium-dioxide/,Process aggregation page,GLOBAL,EN,chloride process titanium dioxide,chloride tio2 | chloride process tio2 supplier,C,Technical Evaluation,PRODUCT-03,Explain chloride-process selection and aggregate verified chloride grades.,chloride vs sulfate comparison | exact grade terms | generic application terms,Process page owns chloride-process category intent; comparison guide owns versus intent; grade pages own model intent.,P1,APPROVED_PRD_V0.3,QUALITATIVE_KEYWORD_EVIDENCE,M-2377 must not be included until its process is technically verified.,Chloride Process Titanium Dioxide | TiO2 Malaysia,"Explore eight Malaysia-origin chloride-process titanium dioxide grades, understand what the process label means, and review product information or request a quote.",Chloride Process Titanium Dioxide,https://tio2products.com/products/chloride-process-titanium-dioxide/,"index, follow",CollectionPage|ItemList|BreadcrumbList,PRODUCT-000,PRODUCT-000,2026-09-13,YES,NONE,CURRENT_APPROVED_OR_PRERELEASE_VALUE_DELIVERED,pages/products/chloride-process/PRODUCT-PROC-CL_CURRENT_GATE_BASELINE_MANIFEST_V0.29.md
PRODUCT-PROC-SU,PRODUCTS,Sulfate Process Titanium Dioxide,/products/sulfate-process-titanium-dioxide/,Process aggregation page,GLOBAL,EN,sulfate process titanium dioxide,sulphate process titanium dioxide | sulfate tio2 supplier,C,Technical Evaluation,PRODUCT-04,"Explain sulfate-process selection, include sulphate spelling, and aggregate verified sulfate grades.",chloride vs sulfate comparison | exact grade terms | generic application terms,Process page owns sulfate/sulphate category intent; comparison guide owns versus intent; grade pages own model intent.,P1,APPROVED_PRD_V0.3,QUALITATIVE_KEYWORD_EVIDENCE,Use one page for sulfate and sulphate spelling variants.,Sulfate Process Titanium Dioxide Grades | TiO2 Malaysia,"Explore five Malaysia-origin sulfate process titanium dioxide Grades by application, then review product details, request documents or request a quote.",Sulfate Process Titanium Dioxide,https://tio2products.com/products/sulfate-process-titanium-dioxide/,"index, follow",CollectionPage|ItemList|BreadcrumbList,PRODUCT-000,PRODUCT-000,2026-09-13,YES,NONE,CURRENT_APPROVED_OR_PRERELEASE_VALUE_DELIVERED,pages/products/sulfate-process/PRODUCT-PROC-SU_CURRENT_GATE_BASELINE_MANIFEST_V0.13.md
GRADE-M350,PRODUCTS,M-350,/products/m-350/,Grade product page,GLOBAL,EN,M-350 titanium dioxide,M-350 rutile titanium dioxide | M-350 TiO2 | M-350 titanium dioxide for chloride | M-350 TDS | M-350 titanium dioxide sample | M-350 titanium dioxide supplier,C,Technical Evaluation / RFQ,PRD-V0.3-GRADE-MAPPING,"General chloride grade for decorative, industrial, automotive coatings and inks.",generic titanium dioxide for application | process-category primary term | country supplier primary term,This page owns M-350 model intent only; Applications owns generic use-case intent; process pages own generic process intent.,P1,APPROVED_PRD_V0.3,PROVISIONAL_KEYWORD_NO_METRICS,"Model keyword is architecture-derived; no model-specific search-volume, KD, or CPC row exists in the keyword master.",M-350 Titanium Dioxide for Coatings and Inks | TiO2 Malaysia,"Evaluate M-350 titanium dioxide for coatings, printing inks and plastics. Review application directions, formulation priorities and 15-row technical data.",M-350 Titanium Dioxide for Multi-Application Evaluation,https://tio2products.com/products/m-350/,"index, follow",Product|BreadcrumbList,PRODUCT-000,PRODUCT-000|APPLICATION_PAGES|PROCESS_PAGES,2026-09-13,YES,NONE,CURRENT_APPROVED_OR_PRERELEASE_VALUE_DELIVERED,pages/products/detail-template/05_review/GRADE-M350_GATE9_READ_ONLY_QA_CLOSURE_V0.1.md
GRADE-M510,PRODUCTS,M-510,/products/m-510/,Grade product page,GLOBAL,EN,M-510 titanium dioxide,M-510 rutile titanium dioxide | M-510 TiO2 | M-510 titanium dioxide for coatings | M-510 TDS | M-510 titanium dioxide sample | M-510 titanium dioxide supplier,C,Technical Evaluation / RFQ,PRD-V0.3-GRADE-MAPPING,Multi-application grade for architectural and automotive coating evaluation.,generic titanium dioxide for application | process-category primary term | country supplier primary term,This page owns M-510 model intent only; Applications owns generic use-case intent; process pages own generic process intent.,P1,APPROVED_PRD_V0.3,PROVISIONAL_KEYWORD_NO_METRICS,"Model keyword is architecture-derived; no model-specific search-volume, KD, or CPC row exists in the keyword master.",M-510 Titanium Dioxide for Coatings | TiO2 Malaysia,"Evaluate M-510 titanium dioxide for architectural and automotive coatings, then review secondary application paths or request documents, a sample or RFQ.",M-510 Titanium Dioxide for Coating Evaluation,https://tio2products.com/products/m-510/,"index, follow",Product|BreadcrumbList,PRODUCT-000,PRODUCT-000|APPLICATION_PAGES|PROCESS_PAGES,2026-09-13,YES,NONE,CURRENT_APPROVED_OR_PRERELEASE_VALUE_DELIVERED,pages/products/detail-template/05_review/GRADE-M510_CURRENT_GATE9_BASELINE_MANIFEST_V0.8.md
GRADE-M896,PRODUCTS,M-896,/products/m-896/,Grade product page,GLOBAL,EN,M-896 titanium dioxide,M-896 rutile titanium dioxide | M-896 TiO2 | M-896 titanium dioxide for coatings | M-896 TDS | M-896 titanium dioxide sample | M-896 titanium dioxide supplier,C,Technical Evaluation / RFQ,PRD-V0.3-GRADE-MAPPING,Industrial and weather-resistant coatings grade.,generic titanium dioxide for application | process-category primary term | country supplier primary term,This page owns M-896 model intent only; Applications owns generic use-case intent; process pages own generic process intent.,P1,APPROVED_PRD_V0.3,PROVISIONAL_KEYWORD_NO_METRICS,"Model keyword is architecture-derived; no model-specific search-volume, KD, or CPC row exists in the keyword master.",M-896 Titanium Dioxide for Industrial Coatings | TiO2 Malaysia,"Evaluate M-896 titanium dioxide for industrial and weather-resistant coatings. Review typical data, request documents or a sample, and submit an RFQ.",M-896 Titanium Dioxide for Industrial Coating Evaluation,https://tio2products.com/products/m-896/,"index, follow",Product|BreadcrumbList,PRODUCT-000,PRODUCT-000|APPLICATION_PAGES|PROCESS_PAGES,2026-09-13,YES,NONE,CURRENT_APPROVED_OR_PRERELEASE_VALUE_DELIVERED,pages/products/detail-template/05_review/GRADE-M896_CURRENT_GATE9_BASELINE_MANIFEST_V0.4.md
GRADE-M996,PRODUCTS,M-996,/products/m-996/,Grade product page,GLOBAL,EN,M-996 titanium dioxide,M-996 rutile titanium dioxide | M-996 TiO2 | M-996 titanium dioxide for coatings | M-996 TDS | M-996 titanium dioxide sample | M-996 titanium dioxide supplier,C,Technical Evaluation / RFQ,PRD-V0.3-GRADE-MAPPING,"Sulfate durable industrial, powder, and architectural coatings grade.",generic titanium dioxide for application | process-category primary term | country supplier primary term,This page owns M-996 model intent only; Applications owns generic use-case intent; process pages own generic process intent.,P1,APPROVED_PRD_V0.3,TECHNICAL_VERIFICATION_REQUIRED,URL and model keyword are approved; conflicting or differentiating technical claims must remain unrendered until verified.,M-996 Titanium Dioxide for Coatings | TiO2 Malaysia,"Evaluate M-996 titanium dioxide for industrial, powder, and exterior or interior architectural coatings. Review typical data, request a sample or RFQ.","M-996 Titanium Dioxide for Industrial, Powder and Architectural Coatings",https://tio2products.com/products/m-996/,"index, follow",Product|BreadcrumbList,PRODUCT-000,PRODUCT-000|APPLICATION_PAGES|PROCESS_PAGES,2026-09-13,YES,UNVERIFIED_DIFFERENTIATING_CLAIMS_MUST_NOT_RENDER,CURRENT_APPROVED_OR_PRERELEASE_VALUE_DELIVERED,pages/products/detail-template/05_review/GRADE-M996_CURRENT_GATE9_BASELINE_MANIFEST_V0.3.md
GRADE-M2196,PRODUCTS,M-2196,/products/m-2196/,Grade product page,GLOBAL,EN,M-2196 titanium dioxide,M-2196 rutile titanium dioxide | M-2196 TiO2 | M-2196 titanium dioxide for coatings | M-2196 TDS | M-2196 titanium dioxide sample | M-2196 titanium dioxide supplier,C,Technical Evaluation / RFQ,PRD-V0.3-GRADE-MAPPING,Sulfate industrial and powder coatings grade; publish differentiation from M-996 only when verified.,generic titanium dioxide for application | process-category primary term | country supplier primary term,This page owns M-2196 model intent only; Applications owns generic use-case intent; process pages own generic process intent.,P1,APPROVED_PRD_V0.3,TECHNICAL_VERIFICATION_REQUIRED,URL and model keyword are approved; conflicting or differentiating technical claims must remain unrendered until verified.,M-2196 Titanium Dioxide for Coatings | TiO2 Malaysia,"Evaluate M-2196 titanium dioxide for solvent-based furniture and industrial paint. Review typical data, request a sample or RFQ.",M-2196 Titanium Dioxide for Solvent-Based Furniture and Industrial Paint,https://tio2products.com/products/m-2196/,"index, follow",Product|BreadcrumbList,PRODUCT-000,PRODUCT-000|APPLICATION_PAGES|PROCESS_PAGES,2026-09-13,YES,UNVERIFIED_DIFFERENTIATING_CLAIMS_MUST_NOT_RENDER,CURRENT_APPROVED_OR_PRERELEASE_VALUE_DELIVERED,pages/products/detail-template/05_review/GRADE-M2196_CURRENT_GATE9_BASELINE_MANIFEST_V0.3.md
GRADE-M895,PRODUCTS,M-895,/products/m-895/,Grade product page,GLOBAL,EN,M-895 titanium dioxide,M-895 rutile titanium dioxide | M-895 TiO2 | M-895 titanium dioxide for coatings | M-895 TDS | M-895 titanium dioxide sample | M-895 titanium dioxide supplier,C,Technical Evaluation / RFQ,PRD-V0.3-GRADE-MAPPING,Architectural and industrial coatings grade.,generic titanium dioxide for application | process-category primary term | country supplier primary term,This page owns M-895 model intent only; Applications owns generic use-case intent; process pages own generic process intent.,P1,APPROVED_PRD_V0.3,PROVISIONAL_KEYWORD_NO_METRICS,"Model keyword is architecture-derived; no model-specific search-volume, KD, or CPC row exists in the keyword master.",M-895 Titanium Dioxide for Coatings | TiO2 Malaysia,"Evaluate M-895 titanium dioxide for architectural and industrial coatings. Review typical data, request documents or a sample, and submit an RFQ.",M-895 Titanium Dioxide for Architectural and Industrial Coatings,https://tio2products.com/products/m-895/,"index, follow",Product|BreadcrumbList,PRODUCT-000,PRODUCT-000|APPLICATION_PAGES|PROCESS_PAGES,2026-09-13,YES,NONE,CURRENT_APPROVED_OR_PRERELEASE_VALUE_DELIVERED,pages/products/detail-template/05_review/GRADE-M895_CURRENT_GATE9_BASELINE_MANIFEST_V0.3.md
GRADE-M200,PRODUCTS,M-200,/products/m-200/,Grade product page,GLOBAL,EN,M-200 titanium dioxide,M-200 rutile titanium dioxide | M-200 TiO2 | M-200 titanium dioxide for plastics | M-200 TDS | M-200 titanium dioxide sample | M-200 titanium dioxide supplier,C,Technical Evaluation / RFQ,PRD-V0.3-GRADE-MAPPING,Durable exterior plastics grade for uPVC and PVC film applications.,generic titanium dioxide for application | process-category primary term | country supplier primary term,This page owns M-200 model intent only; Applications owns generic use-case intent; process pages own generic process intent.,P1,APPROVED_PRD_V0.3,PROVISIONAL_KEYWORD_NO_METRICS,"Model keyword is architecture-derived; no model-specific search-volume, KD, or CPC row exists in the keyword master.",M-200 Titanium Dioxide for Exterior Plastics | TiO2 Malaysia,"Evaluate M-200 titanium dioxide for uPVC profiles, exterior plastics, PVC calendered films and durable plastic masterbatch. Review data, samples and RFQ.",M-200 Titanium Dioxide for Exterior Plastics and Masterbatch Evaluation,https://tio2products.com/products/m-200/,"index, follow",Product|BreadcrumbList,PRODUCT-000,PRODUCT-000|APPLICATION_PAGES|PROCESS_PAGES,2026-09-13,YES,NONE,CURRENT_APPROVED_OR_PRERELEASE_VALUE_DELIVERED,pages/products/detail-template/05_review/GRADE-M200_CURRENT_GATE9_BASELINE_MANIFEST_V0.4.md
GRADE-M108,PRODUCTS,M-108,/products/m-108/,Grade product page,GLOBAL,EN,M-108 titanium dioxide,M-108 rutile titanium dioxide | M-108 TiO2 | M-108 titanium dioxide for masterbatch | M-108 TDS | M-108 titanium dioxide sample | M-108 titanium dioxide supplier,C,Technical Evaluation / RFQ,PRD-V0.3-GRADE-MAPPING,High-thermal-stability masterbatch and plastics grade.,generic titanium dioxide for application | process-category primary term | country supplier primary term,This page owns M-108 model intent only; Applications owns generic use-case intent; process pages own generic process intent.,P1,APPROVED_PRD_V0.3,PROVISIONAL_KEYWORD_NO_METRICS,"Model keyword is architecture-derived; no model-specific search-volume, KD, or CPC row exists in the keyword master.",M-108 Titanium Dioxide for Plastics | TiO2 Malaysia,"Evaluate M-108 titanium dioxide for masterbatch, compounds, polyolefin and PVC film, and high-thermal-stability plastics. Review data, sample or RFQ.",M-108 Titanium Dioxide for Plastics and Masterbatch Evaluation,https://tio2products.com/products/m-108/,"index, follow",Product|BreadcrumbList,PRODUCT-000,PRODUCT-000|APPLICATION_PAGES|PROCESS_PAGES,2026-09-13,YES,NONE,CURRENT_APPROVED_OR_PRERELEASE_VALUE_DELIVERED,pages/products/detail-template/05_review/GRADE-M108_CURRENT_GATE9_BASELINE_MANIFEST_V0.3.md
GRADE-M210,PRODUCTS,M-210,/products/m-210/,Grade product page,GLOBAL,EN,M-210 titanium dioxide,M-210 rutile titanium dioxide | M-210 TiO2 | M-210 titanium dioxide for masterbatch | M-210 TDS | M-210 titanium dioxide sample | M-210 titanium dioxide supplier,C,Technical Evaluation / RFQ,PRD-V0.3-GRADE-MAPPING,Polyolefin masterbatch and engineering plastics grade.,generic titanium dioxide for application | process-category primary term | country supplier primary term,This page owns M-210 model intent only; Applications owns generic use-case intent; process pages own generic process intent.,P1,APPROVED_PRD_V0.3,PROVISIONAL_KEYWORD_NO_METRICS,"Model keyword is architecture-derived; no model-specific search-volume, KD, or CPC row exists in the keyword master.",M-210 Titanium Dioxide for Masterbatch | TiO2 Malaysia,"Evaluate M-210 titanium dioxide for polyolefin masterbatch, PE, PP, ABS, PS and copolymer applications. Review typical data, request a sample or RFQ.",M-210 Titanium Dioxide for Masterbatch and Plastics Evaluation,https://tio2products.com/products/m-210/,"index, follow",Product|BreadcrumbList,PRODUCT-000,PRODUCT-000|APPLICATION_PAGES|PROCESS_PAGES,2026-09-13,YES,NONE,CURRENT_APPROVED_OR_PRERELEASE_VALUE_DELIVERED,pages/products/detail-template/05_review/GRADE-M210_CURRENT_GATE9_BASELINE_MANIFEST_V0.3.md
GRADE-M340,PRODUCTS,M-340,/products/m-340/,Grade product page,GLOBAL,EN,M-340 titanium dioxide,M-340 rutile titanium dioxide | M-340 TiO2 | M-340 titanium dioxide for plastics | M-340 TDS | M-340 titanium dioxide sample | M-340 titanium dioxide supplier,C,Technical Evaluation / RFQ,PRD-V0.3-GRADE-MAPPING,High-concentration masterbatch and film grade.,generic titanium dioxide for application | process-category primary term | country supplier primary term,This page owns M-340 model intent only; Applications owns generic use-case intent; process pages own generic process intent.,P1,APPROVED_PRD_V0.3,PROVISIONAL_KEYWORD_NO_METRICS,"Model keyword is architecture-derived; no model-specific search-volume, KD, or CPC row exists in the keyword master.",M-340 Titanium Dioxide for Plastics | TiO2 Malaysia,"Evaluate M-340 titanium dioxide for masterbatch, films, injection plastics and other documented uses. Review technical data, request a sample or RFQ.",M-340 Titanium Dioxide for Plastics and Masterbatch Evaluation,https://tio2products.com/products/m-340/,"index, follow",Product|BreadcrumbList,PRODUCT-000,PRODUCT-000|APPLICATION_PAGES|PROCESS_PAGES,2026-09-13,YES,NONE,CURRENT_APPROVED_OR_PRERELEASE_VALUE_DELIVERED,pages/products/detail-template/05_review/GRADE-M340_CURRENT_GATE9_BASELINE_MANIFEST_V0.3.md
GRADE-M886,PRODUCTS,M-886,/products/m-886/,Grade product page,GLOBAL,EN,M-886 titanium dioxide,M-886 rutile titanium dioxide | M-886 TiO2 | M-886 titanium dioxide for plastics | M-886 TDS | M-886 titanium dioxide sample | M-886 titanium dioxide supplier,C,Technical Evaluation / RFQ,PRD-V0.3-GRADE-MAPPING,Bright-white plastics and high-temperature processing grade.,generic titanium dioxide for application | process-category primary term | country supplier primary term,This page owns M-886 model intent only; Applications owns generic use-case intent; process pages own generic process intent.,P1,APPROVED_PRD_V0.3,PROVISIONAL_KEYWORD_NO_METRICS,"Model keyword is architecture-derived; no model-specific search-volume, KD, or CPC row exists in the keyword master.",M-886 Titanium Dioxide for Plastics | TiO2 Malaysia,"Evaluate M-886 titanium dioxide for polyolefin masterbatch, cast-film processing and engineering plastics. Review typical data, request a sample or RFQ.",M-886 Titanium Dioxide for Plastics and Masterbatch Evaluation,https://tio2products.com/products/m-886/,"index, follow",Product|BreadcrumbList,PRODUCT-000,PRODUCT-000|APPLICATION_PAGES|PROCESS_PAGES,2026-09-13,YES,NONE,CURRENT_APPROVED_OR_PRERELEASE_VALUE_DELIVERED,pages/products/detail-template/05_review/GRADE-M886_CURRENT_GATE9_BASELINE_MANIFEST_V0.3.md
GRADE-M52,PRODUCTS,M-52,/products/m-52/,Grade product page,GLOBAL,EN,M-52 titanium dioxide,M-52 rutile titanium dioxide | M-52 TiO2 | M-52 titanium dioxide for printing inks | M-52 TDS | M-52 titanium dioxide sample | M-52 titanium dioxide supplier,C,Technical Evaluation / RFQ,PRD-V0.3-GRADE-MAPPING,Printing-ink grade with can-coating and high-gloss interior support use.,generic titanium dioxide for application | process-category primary term | country supplier primary term,This page owns M-52 model intent only; Applications owns generic use-case intent; process pages own generic process intent.,P1,APPROVED_PRD_V0.3,PROVISIONAL_KEYWORD_NO_METRICS,"Model keyword is architecture-derived; no model-specific search-volume, KD, or CPC row exists in the keyword master.",M-52 Titanium Dioxide for Printing Inks | TiO2 Malaysia,"Evaluate M-52 titanium dioxide for printing inks, can coatings and high-gloss interior architectural coatings. Review typical data, sample or RFQ.",M-52 Titanium Dioxide for Printing Inks and Coatings Evaluation,https://tio2products.com/products/m-52/,"index, follow",Product|BreadcrumbList,PRODUCT-000,PRODUCT-000|APPLICATION_PAGES|PROCESS_PAGES,2026-09-13,YES,NONE,CURRENT_APPROVED_OR_PRERELEASE_VALUE_DELIVERED,pages/products/detail-template/05_review/GRADE-M52_CURRENT_GATE9_BASELINE_MANIFEST_V0.3.md
GRADE-M2377,PRODUCTS,M-2377,/products/m-2377/,Grade product page,GLOBAL,EN,M-2377 titanium dioxide,M-2377 rutile titanium dioxide | M-2377 TiO2 | M-2377 titanium dioxide for multi-application | M-2377 TDS | M-2377 titanium dioxide sample | M-2377 titanium dioxide supplier,C,Technical Evaluation / RFQ,PRD-V0.3-GRADE-MAPPING,Multi-application page; process and application claims remain restricted to verified TDS facts.,generic titanium dioxide for application | process-category primary term | country supplier primary term,This page owns M-2377 model intent only; Applications owns generic use-case intent; process pages own generic process intent.,P1,APPROVED_PRD_V0.3,TECHNICAL_VERIFICATION_REQUIRED,URL and model keyword are approved; conflicting or differentiating technical claims must remain unrendered until verified.,M-2377 Titanium Dioxide | TiO2 Malaysia,"Evaluate M-2377 titanium dioxide for coatings, plastics, masterbatch, printing inks and paper. Review typical data, request a sample or RFQ.","M-2377 Titanium Dioxide for Coatings, Plastics, Masterbatch, Inks and Paper",https://tio2products.com/products/m-2377/,"index, follow",Product|BreadcrumbList,PRODUCT-000,PRODUCT-000|APPLICATION_PAGES|PROCESS_PAGES,2026-09-13,YES,UNVERIFIED_PROCESS_OR_DIFFERENTIATING_CLAIMS_MUST_NOT_RENDER,CURRENT_APPROVED_OR_PRERELEASE_VALUE_DELIVERED,pages/products/detail-template/05_review/GRADE-M2377_CURRENT_GATE9_BASELINE_MANIFEST_V0.3.md
GRADE-CR901,PRODUCTS,CR-901,/products/cr-901/,Grade product page,GLOBAL,EN,CR-901 titanium dioxide,CR-901 rutile titanium dioxide | CR-901 TiO2 | CR-901 titanium dioxide for high-purity rutile | CR-901 TDS | CR-901 titanium dioxide sample | CR-901 titanium dioxide supplier,C,Technical Evaluation / RFQ,PRD-V0.3-GRADE-MAPPING,"High-purity specialty grade for electronic ceramics, optical, battery, and specialist materials.",generic titanium dioxide for application | process-category primary term | country supplier primary term,This page owns CR-901 model intent only; Applications owns generic use-case intent; process pages own generic process intent.,P1,APPROVED_PRD_V0.3,PROVISIONAL_KEYWORD_NO_METRICS,"Model keyword is architecture-derived; no model-specific search-volume, KD, or CPC row exists in the keyword master.",CR-901 Titanium Dioxide Specialty Grade | TiO2 Malaysia,"Evaluate CR-901 titanium dioxide for electronic ceramics, optical glass, battery materials and special metallurgy. Review typical data, request a sample or RFQ.",CR-901 High-Purity Rutile Titanium Dioxide for Specialty Materials,https://tio2products.com/products/cr-901/,"index, follow",Product|BreadcrumbList,PRODUCT-000,PRODUCT-000|APPLICATION_PAGES|PROCESS_PAGES,2026-09-13,YES,NONE,CURRENT_APPROVED_OR_PRERELEASE_VALUE_DELIVERED,pages/products/detail-template/05_review/GRADE-CR901_CURRENT_GATE9_BASELINE_MANIFEST_V0.3.md
APP-000,APPLICATIONS,Applications,/applications/,Navigation hub,GLOBAL,EN,NO_PRIMARY_KEYWORD,coatings | plastics | masterbatch | printing inks | paper,N,Navigation,APP-01 | APP-02 | APP-03 | APP-04 | APP-05,Route buyers from use case to application pages and suitable grades.,all generic application primary keywords,Hub does not own application primary terms; each child application page owns one use-case cluster.,P1,APPROVED_PUBLICATION_TARGET_2026-09-13,NO_DIRECT_KEYWORD_TARGET,URL and final hub content remain part of the later Applications design.,Applications | TiO2 Malaysia,"Explore titanium dioxide application paths for coatings, plastics, masterbatch, printing inks, paper and specialty materials.",Explore Titanium Dioxide by Application,https://tio2products.com/applications/,"index, follow",CollectionPage|ItemList|BreadcrumbList,HOME-001,HOME-001|GLOBAL_CHROME_PRIMARY_NAV,2026-09-13,YES,FINAL_PAGE_CONTRACT_MUST_CLOSE_BEFORE_RELEASE,CURRENT_VALUE_DELIVERED_PENDING_PLAN_TASK_2_FINAL_RECONFIRMATION,pages/applications/APP-000_CURRENT_GATE_BASELINE_MANIFEST_V1.12.md
APP-COAT,APPLICATIONS,TiO2 for Coatings,/applications/titanium-dioxide-for-coatings/,Application landing page,GLOBAL,EN,titanium dioxide for coatings,titanium dioxide for paint | tio2 for coatings | tio2 pigment for paint | rutile titanium dioxide for coatings,C,Technical Evaluation / Supplier Search,APP-01,Own generic Coatings use-case intent and recommend verified grades.,exact grade primary terms | country supplier primary terms | process-category primary terms,Application page owns generic use-case intent; grade pages own exact model intent and link back for broader selection.,P1,APPROVED_PUBLICATION_TARGET_2026-09-13,QUALITATIVE_KEYWORD_EVIDENCE,Page purpose is approved; final URL and product mapping require the Applications design pass.,Titanium Dioxide for Coatings | Grade Evaluation,"Compare TiO2 grades in your coating system by formulation, dispersion, film, exposure and test basis. Review Grades, documents, samples and RFQ inputs.",Titanium Dioxide for Coatings,https://tio2products.com/applications/titanium-dioxide-for-coatings/,"index, follow",WebPage|BreadcrumbList,APP-000,APP-000|HOME-001,2026-09-13,YES,FINAL_URL_AND_PRODUCT_MAPPING_MUST_CLOSE_BEFORE_RELEASE,CURRENT_VALUE_DELIVERED_PENDING_PLAN_TASK_2_FINAL_RECONFIRMATION,pages/applications/coatings/APP-COAT_CURRENT_GATE_BASELINE_MANIFEST_V0.12.md
APP-PLAS,APPLICATIONS,TiO2 for Plastics,/applications/titanium-dioxide-for-plastics/,Application landing page,GLOBAL,EN,titanium dioxide for plastics,tio2 for plastics | titanium dioxide for pvc | titanium dioxide for pe | titanium dioxide for pp | titanium dioxide for abs | titanium dioxide for pet | titanium dioxide for plastic film | titanium dioxide for engineering plastics,C,Technical Evaluation / Supplier Search,APP-02,Own generic Plastics use-case intent and recommend verified grades.,exact grade primary terms | country supplier primary terms | process-category primary terms,Application page owns generic use-case intent; grade pages own exact model intent and link back for broader selection.,P1,APPROVED_PUBLICATION_TARGET_2026-09-13,QUALITATIVE_KEYWORD_EVIDENCE,Page purpose is approved; final URL and product mapping require the Applications design pass.,Titanium Dioxide for Plastics | Grade Evaluation,"Compare TiO2 candidates in a defined plastic resin, process, specimen and exposure. Review Product Grades and prepare a document, sample or quotation request.",Titanium Dioxide for Plastics,https://tio2products.com/applications/titanium-dioxide-for-plastics/,"index, follow",WebPage|BreadcrumbList,APP-000,APP-000|HOME-001,2026-09-13,YES,FINAL_URL_AND_PRODUCT_MAPPING_MUST_CLOSE_BEFORE_RELEASE,CURRENT_VALUE_DELIVERED_PENDING_PLAN_TASK_2_FINAL_RECONFIRMATION,pages/applications/plastics/APP-PLAS_CURRENT_GATE_BASELINE_MANIFEST_V0.12.md
APP-MB,APPLICATIONS,TiO2 for Masterbatch,/applications/titanium-dioxide-for-masterbatch/,Application landing page,GLOBAL,EN,titanium dioxide for masterbatch,tio2 for masterbatch | masterbatch grade titanium dioxide | titanium dioxide masterbatch pigment,C,Technical Evaluation / Supplier Search,APP-03,Own generic Masterbatch use-case intent and recommend verified grades.,exact grade primary terms | country supplier primary terms | process-category primary terms,Application page owns generic use-case intent; grade pages own exact model intent and link back for broader selection.,P1,APPROVED_PUBLICATION_TARGET_2026-09-13,QUALITATIVE_KEYWORD_EVIDENCE,Page purpose is approved; final URL and product mapping require the Applications design pass.,Titanium Dioxide for Masterbatch Evaluation | TiO2 Malaysia,Evaluate titanium dioxide for masterbatch by separating concentrate processing from final-article evidence. Review Product Grades and prepare your request.,Titanium Dioxide for Masterbatch,https://tio2products.com/applications/titanium-dioxide-for-masterbatch/,"index, follow",WebPage|BreadcrumbList,APP-000,APP-000|HOME-001,2026-09-13,YES,FINAL_URL_AND_PRODUCT_MAPPING_MUST_CLOSE_BEFORE_RELEASE,CURRENT_VALUE_DELIVERED_PENDING_PLAN_TASK_2_FINAL_RECONFIRMATION,pages/applications/masterbatch/APP-MB_CURRENT_GATE_BASELINE_MANIFEST_V0.13.md
APP-INK,APPLICATIONS,TiO2 for Printing Inks,/applications/titanium-dioxide-for-printing-inks/,Application landing page,GLOBAL,EN,titanium dioxide for printing inks,tio2 for inks,C,Technical Evaluation / Supplier Search,APP-04,Own generic Printing inks use-case intent and recommend verified grades.,exact grade primary terms | country supplier primary terms | process-category primary terms,Application page owns generic use-case intent; grade pages own exact model intent and link back for broader selection.,P2,APPROVED_PUBLICATION_TARGET_2026-09-13,QUALITATIVE_KEYWORD_EVIDENCE,Page purpose is approved; final URL and product mapping require the Applications design pass.,Titanium Dioxide for Printing Inks | TiO2 Malaysia,"Compare titanium dioxide candidates in a defined white-ink and print system. Review Product Grades and prepare a document, sample or quotation request.",Titanium Dioxide for Printing Inks,https://tio2products.com/applications/titanium-dioxide-for-printing-inks/,"index, follow",WebPage|BreadcrumbList,APP-000,APP-000|HOME-001,2026-09-13,YES,FINAL_URL_AND_PRODUCT_MAPPING_MUST_CLOSE_BEFORE_RELEASE,CURRENT_VALUE_DELIVERED_PENDING_PLAN_TASK_2_FINAL_RECONFIRMATION,pages/applications/printing-inks/APP-INK_CURRENT_GATE_BASELINE_MANIFEST_V0.9.md
APP-PAPER,APPLICATIONS,TiO2 for Paper,/applications/titanium-dioxide-for-paper/,Application landing page,GLOBAL,EN,titanium dioxide for paper,tio2 for paper,C,Technical Evaluation / Supplier Search,APP-05,Own generic Paper use-case intent and recommend verified grades.,exact grade primary terms | country supplier primary terms | process-category primary terms,Application page owns generic use-case intent; grade pages own exact model intent and link back for broader selection.,P2,APPROVED_PUBLICATION_TARGET_2026-09-13,QUALITATIVE_KEYWORD_EVIDENCE,Page purpose is approved; final URL and product mapping require the Applications design pass.,Titanium Dioxide for Paper Evaluation | TiO2 Malaysia,"Evaluate titanium dioxide for paper in a defined system. Compare method-matched results, review Product Grades, and prepare document, sample or RFQ details.",Titanium Dioxide for Paper,https://tio2products.com/applications/titanium-dioxide-for-paper/,"index, follow",WebPage|BreadcrumbList,APP-000,APP-000|HOME-001,2026-09-13,YES,FINAL_URL_AND_PRODUCT_MAPPING_MUST_CLOSE_BEFORE_RELEASE,CURRENT_VALUE_DELIVERED_PENDING_PLAN_TASK_2_FINAL_RECONFIRMATION,pages/applications/paper/APP-PAPER_CURRENT_GATE_BASELINE_MANIFEST_V0.11.md
DOC-000,DOCUMENTS,Documents & Compliance,/documents/,Navigation hub,GLOBAL,EN,NO_PRIMARY_KEYWORD,TDS | SDS | COA | COO | REACH,N,Navigation,COMP-01 | COMP-02 | COMP-03,Route buyers to document explanations and request workflow.,individual document primary terms,"Hub does not own individual document clusters; child pages own REACH, technical documents, and COO terms.",P1,APPROVED_PUBLICATION_TARGET_2026-09-13,NO_DIRECT_KEYWORD_TARGET,Detailed Documents architecture is scheduled for a later PRD version.,Documents for Product Qualification | TiO2 Malaysia,"Request technical, safety, quality, COA, origin and supplier-qualification documentation for a selected titanium dioxide grade.",Documents for Product & Supplier Qualification,https://tio2products.com/documents/,"index, follow",CollectionPage|ItemList|BreadcrumbList,HOME-001,HOME-001|GLOBAL_CHROME_PRIMARY_NAV,2026-09-13,YES,FINAL_PAGE_CONTRACT_MUST_CLOSE_BEFORE_RELEASE,CURRENT_VALUE_DELIVERED_PENDING_PLAN_TASK_2_FINAL_RECONFIRMATION,pages/documents/06_handoff/DOC-000_CURRENT_GATE7_BASELINE_MANIFEST_V0.2.md
DOC-REACH,DOCUMENTS,Titanium Dioxide REACH,/documents/reach/,Document / compliance page,GLOBAL,EN,titanium dioxide reach registration,reach compliant titanium dioxide | titanium dioxide reach supplier,I,Technical Evaluation,COMP-01,Explain verified REACH-related coverage and route qualified document requests.,grade primary terms | country supplier primary terms,Document page owns document/compliance intent; product pages only mention grade-specific availability and link here or to the request form.,P1,APPROVED_PUBLICATION_TARGET_2026-09-13,FACT_EVIDENCE_REQUIRED,Regulatory and document claims require current evidence and approval before publication.,Titanium Dioxide REACH Registration: What to Verify | TiO2 Malaysia,"Understand which EU REACH information titanium dioxide buyers should verify across substance identity, legal-entity scope, supply-chain role, source and review date.",Titanium Dioxide REACH Registration: What Procurement Teams Should Verify,https://tio2products.com/documents/reach/,"index, follow",WebPage|BreadcrumbList,DOC-000,DOC-000|RES-000,2026-09-13,YES,UNVERIFIED_REGULATORY_CLAIMS_MUST_NOT_RENDER,CURRENT_VALUE_DELIVERED_PENDING_PLAN_TASK_2_FINAL_RECONFIRMATION,pages/documents/reach/06_handoff/DOC-REACH_CURRENT_GATE9_BASELINE_MANIFEST_V0.17.md
DOC-TDS,DOCUMENTS,"TDS, SDS & COA",/documents/tds-sds-coa/,Document / compliance page,GLOBAL,EN,titanium dioxide tds,titanium dioxide sds | titanium dioxide coa | titanium dioxide technical data sheet | titanium dioxide safety data sheet | request titanium dioxide documents,I,Technical Evaluation,COMP-02,"Explain TDS, SDS, COA availability, grade applicability, and controlled request workflow.",grade primary terms | country supplier primary terms,Document page owns document/compliance intent; product pages only mention grade-specific availability and link here or to the request form.,P1,APPROVED_PUBLICATION_TARGET_2026-09-13,FACT_EVIDENCE_REQUIRED,Regulatory and document claims require current evidence and approval before publication.,"Titanium Dioxide TDS, SDS & COA: What to Request | TiO2 Malaysia","Understand the difference between titanium dioxide TDS, SDS and COA, add the relevant product or batch context, and request the documents needed for review.","Titanium Dioxide TDS, SDS & COA: What to Request",https://tio2products.com/documents/tds-sds-coa/,"index, follow",WebPage|BreadcrumbList,DOC-000,DOC-000|RES-000,2026-09-13,YES,UNVERIFIED_AVAILABILITY_CLAIMS_MUST_NOT_RENDER,CURRENT_VALUE_DELIVERED_PENDING_PLAN_TASK_2_FINAL_RECONFIRMATION,pages/documents/tds-sds-coa/05_review/DOC-TDS_CURRENT_GATE9_BASELINE_MANIFEST_V0.3.md
DOC-COO,DOCUMENTS,Certificate of Origin,/documents/certificate-of-origin/,Document / compliance page,GLOBAL,EN,titanium dioxide country of origin certificate,titanium dioxide coo | titanium dioxide origin traceability | titanium dioxide batch traceability,I,Technical Evaluation,COMP-03,Explain Malaysia COO and traceability evidence without making unverified shipment claims.,grade primary terms | country supplier primary terms,Document page owns document/compliance intent; product pages only mention grade-specific availability and link here or to the request form.,P1,APPROVED_PUBLICATION_TARGET_2026-09-13,FACT_EVIDENCE_REQUIRED,Regulatory and document claims require current evidence and approval before publication.,Certificate of Origin for Titanium Dioxide | TiO2 Malaysia,Understand when a titanium dioxide country of origin certificate or other proof may be relevant and what details to provide with a document request.,Certificate of Origin for Titanium Dioxide: What Buyers Should Verify,https://tio2products.com/documents/certificate-of-origin/,"index, follow",WebPage|BreadcrumbList,DOC-000,DOC-000|RES-000,2026-09-13,YES,UNVERIFIED_SHIPMENT_OR_CERTIFICATE_CLAIMS_MUST_NOT_RENDER,CURRENT_VALUE_DELIVERED_PENDING_PLAN_TASK_2_FINAL_RECONFIRMATION,pages/documents/certificate-of-origin/04_planning/DOC-COO_CURRENT_GATE_BASELINE_MANIFEST_V0.17.md
CONV-DOC,CONVERSION,Request Documents,/request-documents/,Utility conversion page,GLOBAL,EN,NO_PRIMARY_KEYWORD,request product documents | request safety documentation | request COA documentation | request origin documentation,T,Lead Capture,COMP-01 | COMP-02 | COMP-03,"Capture controlled document requests by company/contact context, product grade, document type, and optional application context; Country / Region is contact/company location only and never determines document version, applicability, or scope.",informational document primary terms | market-specific document request | destination-based document filtering | direct document download,"Utility page captures controlled requests only; informational document pages own search intent, Market pages own market content, and no country/region value controls document availability or applicability.",P0,APPROVED_PUBLICATION_TARGET_2026-09-13,NO_DIRECT_KEYWORD_TARGET,"V1.1 Gate 1 directed revision: transaction page with 14-grade editable prefill, five document types, optional application context, and approximately 500-character Additional Requirements. Independent regulatory/compliance document capability is NOT_ESTABLISHED / DO_NOT_RENDER and is not a public request option, preset parameter, analytics value, or request claim. Other Documentation is a neutral catch-all only and does not imply regulatory/compliance capability. No Market / Destination request field or market-based document logic; Country / Region is contact/company location only. Submission confirms receipt for human review, not approval, availability, sending, download, or delivery.",Request Documents | TiO2 Malaysia,"Submit a controlled request for titanium dioxide product, safety, quality, COA, origin or supplier-qualification documentation for human review.",Request Documents,https://tio2products.com/request-documents/,"index, follow",WebPage|BreadcrumbList,HOME-001,DOC-000|GLOBAL_CHROME_FOOTER,2026-09-13,YES,CONTROLLED_REQUEST_WORKFLOW_MUST_MATCH_APPROVED_CAPABILITIES,CURRENT_VALUE_DELIVERED_PENDING_PLAN_TASK_2_FINAL_RECONFIRMATION,pages/conversion/05_review/CONV-DOC_CURRENT_GATE9_BASELINE_MANIFEST_V0.4.md
RES-000,RESOURCES,Resources,/resources/,Navigation hub,GLOBAL,EN,NO_PRIMARY_KEYWORD,buying guides | technical guides | market trade updates,N,Navigation,PRODUCT-05 | BRAND-01 | BRAND-02 | TRADE-*,"Route buyers to technical, sourcing, alternative-origin, and trade-update content.",all child-guide primary terms,Hub does not own child-guide primary terms.,P2,APPROVED_PUBLICATION_TARGET_2026-09-13,NO_DIRECT_KEYWORD_TARGET,Detailed Resources taxonomy and publishing cadence remain for a later design pass.,Titanium Dioxide Procurement Resources | TiO2 Malaysia,"Explore titanium dioxide buying guides, technical evaluation principles and dated market or trade updates for sourcing decisions across the EU, UK, India and Brazil.",Resources for Titanium Dioxide Procurement Decisions,https://tio2products.com/resources/,"index, follow",CollectionPage|ItemList|BreadcrumbList,HOME-001,HOME-001|GLOBAL_CHROME_PRIMARY_NAV,2026-09-13,YES,FINAL_PAGE_CONTRACT_MUST_CLOSE_BEFORE_RELEASE,CURRENT_VALUE_DELIVERED_PENDING_PLAN_TASK_2_FINAL_RECONFIRMATION,pages/resources/06_handoff/RES-000_GATE7_MANIFEST_V0.1.md
RES-ORIGIN,RESOURCES,Non-China Titanium Dioxide Supply Guide,/resources/non-china-titanium-dioxide/,Buying guide,GLOBAL,EN,non china titanium dioxide,non chinese titanium dioxide supplier | titanium dioxide alternative origin | alternative tio2 supplier | alternative titanium dioxide supplier | titanium dioxide supplier outside china,I,Awareness / Technical Evaluation,ORIGIN-02,Explain legitimate supply diversification and Malaysia-origin alternatives without duty-circumvention language.,supplier-page primary terms | exact grade primary terms,"Resource owns research/comparison/update intent; Market, Product, and Application pages own commercial procurement intent.",P1,APPROVED_PRD_V0.3,QUALITATIVE_KEYWORD_EVIDENCE,Comparison and alternative claims require technical evidence and careful wording.,Non-China Titanium Dioxide Supply Guide | TiO2 Malaysia,"Evaluate non-China titanium dioxide supply using checks for origin evidence, technical documents, application fit and destination-market requirements.",Non-China Titanium Dioxide: A Procurement Evaluation Guide,https://tio2products.com/resources/non-china-titanium-dioxide/,"index, follow",WebPage|BreadcrumbList,RES-000,RES-000|HOME-001,2026-09-13,YES,NO_DUTY_CIRCUMVENTION_OR_UNVERIFIED_COMPARISON,CURRENT_APPROVED_OR_PRERELEASE_VALUE_DELIVERED,pages/resources/07_qa/RES-ORIGIN_CURRENT_GATE9_BASELINE_MANIFEST_V0.11.md
RES-PROC,RESOURCES,Chloride vs Sulfate Titanium Dioxide,/resources/chloride-vs-sulfate-titanium-dioxide/,Buying guide,GLOBAL,EN,chloride vs sulfate titanium dioxide,high opacity titanium dioxide | high hiding power titanium dioxide | weather resistant titanium dioxide | blue undertone titanium dioxide,I,Awareness / Technical Evaluation,PRODUCT-05,Compare process-selection considerations and route to process and grade pages.,supplier-page primary terms | exact grade primary terms,"Resource owns research/comparison/update intent; Market, Product, and Application pages own commercial procurement intent.",P2,APPROVED_USER_GATE_0_1,QUALITATIVE_KEYWORD_EVIDENCE,"User-approved Gate 0/1 direction on 2026-09-05: production route can influence base-pigment formation, but the route label alone is insufficient to establish a grade-level performance conclusion. Gate 2 and public eligibility remain separate.",Chloride vs Sulfate Titanium Dioxide | Buyer Guide,"Compare chloride and sulfate titanium dioxide routes, learn what route labels can indicate, and identify the grade-level evidence buyers still need to check.",Chloride vs Sulfate Titanium Dioxide: A Buyer’s Evaluation Guide,https://tio2products.com/resources/chloride-vs-sulfate-titanium-dioxide/,"index, follow",WebPage|BreadcrumbList,RES-000,RES-000|HOME-001,2026-09-13,YES,NO_ROUTE_ONLY_GRADE_PERFORMANCE_CONCLUSION,CURRENT_APPROVED_OR_PRERELEASE_VALUE_DELIVERED,pages/resources/05_review/RES-PROC_CURRENT_GATE9_COMPARATIVE_REVIEW_MANIFEST_V0.16.md
RES-CHEMOURS,RESOURCES,Chemours Titanium Dioxide Alternatives,/resources/chemours-titanium-dioxide-alternatives/,Technical guide,GLOBAL,EN,chemours titanium dioxide alternative,ti-pure alternative titanium dioxide | tronox titanium dioxide alternative | kronos titanium dioxide alternative | venator titanium dioxide alternative | lomon billions titanium dioxide alternative | citic titanium dioxide alternative | cnnc titanium dioxide alternative | titanium dioxide replacement equivalent | titanium dioxide grade alternative | titanium dioxide equivalent grade,I,Awareness / Technical Evaluation,BRAND-01,Support buyers researching Chemours alternatives without asserting unverified equivalence.,supplier-page primary terms | exact grade primary terms,"Resource owns research/comparison/update intent; Market, Product, and Application pages own commercial procurement intent.",P3,APPROVED_PUBLICATION_TARGET_2026-09-13,QUALITATIVE_KEYWORD_EVIDENCE,Comparison and alternative claims require technical evidence and careful wording.,How to Evaluate Chemours Titanium Dioxide Alternatives,"Use the exact Ti-Pure grade, application, documented product facts and your own qualification criteria to evaluate another titanium dioxide supply source.",How to Evaluate a Chemours Titanium Dioxide Alternative,https://tio2products.com/resources/chemours-titanium-dioxide-alternatives/,"index, follow",TechArticle|BreadcrumbList,RES-000,RES-000|HOME-001,2026-09-13,YES,NO_UNVERIFIED_EQUIVALENCE,CURRENT_VALUE_DELIVERED_PENDING_PLAN_TASK_2_FINAL_RECONFIRMATION,pages/resources/chemours-alternatives/RES-CHEMOURS_CURRENT_GATE_BASELINE_MANIFEST_V0.21.md
RES-R706,RESOURCES,Ti-Pure R-706 Alternative Direction,/resources/ti-pure-r-706-alternative/,Technical guide,GLOBAL,EN,ti-pure r-706 alternative equivalent,tronox cr-828 alternative equivalent | kronos 2310 titanium dioxide alternative equivalent | tioxide tr92 alternative equivalent | blr-895 alternative equivalent titanium dioxide | cnnc r-216 alternative equivalent titanium dioxide | citic r-5566 titanium dioxide alternative equivalent,I,Awareness / Technical Evaluation,BRAND-02,"Address R-706 comparison intent with evidence-gated, non-equivalence language.",supplier-page primary terms | exact grade primary terms,"Resource owns research/comparison/update intent; Market, Product, and Application pages own commercial procurement intent.",P2,APPROVED_PUBLICATION_TARGET_2026-09-13,QUALITATIVE_KEYWORD_EVIDENCE,Comparison and alternative claims require technical evidence and careful wording.,Ti-Pure R-706 Qualification Guide | TiO2 Malaysia,"Use Ti-Pure R-706 product facts, document labels and coating test dimensions to prepare an independent titanium dioxide qualification brief.",Qualify Another TiO2 Supply When Ti-Pure R-706 Is Your Reference,https://tio2products.com/resources/ti-pure-r-706-alternative/,"index, follow",WebPage|BreadcrumbList,RES-000,RES-000|HOME-001,2026-09-13,YES,NO_UNVERIFIED_EQUIVALENCE,CURRENT_VALUE_DELIVERED_PENDING_PLAN_TASK_2_FINAL_RECONFIRMATION,pages/resources/r706-alternative/RES-R706_CURRENT_GATE_BASELINE_MANIFEST_V0.9.md
RES-TRADE-EU,RESOURCES,EU Titanium Dioxide Trade Update,/resources/eu-titanium-dioxide-anti-dumping-duty/,Market & trade update,EU,EN,eu titanium dioxide anti dumping duty,titanium dioxide import duty eu | titanium dioxide customs duty eu,I,Awareness / Technical Evaluation,TRADE-EU-01,Own detailed EU trade-policy query and link to the EU procurement page.,supplier-page primary terms | exact grade primary terms,"Resource owns research/comparison/update intent; Market, Product, and Application pages own commercial procurement intent.",P2,APPROVED_PUBLICATION_TARGET_2026-09-13,OFFICIAL_SOURCE_UPDATE_REQUIRED,Show source and last-updated date; do not imply duty avoidance.,EU Titanium Dioxide Anti-Dumping Duty Update | TiO2 Malaysia,"Check the current EU anti-dumping measure for specified China-origin titanium dioxide, the 2026 reinvestigation and shipment inputs to verify.",EU Titanium Dioxide Anti-Dumping Duty: Current Measure and 2026 Review,https://tio2products.com/resources/eu-titanium-dioxide-anti-dumping-duty/,"index, follow",WebPage|BreadcrumbList,RES-000,RES-000|HOME-001,2026-09-13,YES,CURRENT_OFFICIAL_SOURCE_AND_DATE_REQUIRED,CURRENT_VALUE_DELIVERED_PENDING_PLAN_TASK_2_FINAL_RECONFIRMATION,pages/resources/eu-trade/RES-TRADE-EU_CURRENT_GATE_BASELINE_MANIFEST_V0.10.md
RES-TRADE-UK,RESOURCES,UK Titanium Dioxide Trade Update,/resources/uk-titanium-dioxide-anti-dumping-investigation/,Market & trade update,UK,EN,uk titanium dioxide anti dumping investigation,titanium dioxide import registration uk | titanium dioxide import duty uk,I,Awareness / Technical Evaluation,TRADE-UK-01,Own detailed UK trade-policy query and link to the UK procurement page.,supplier-page primary terms | exact grade primary terms,"Resource owns research/comparison/update intent; Market, Product, and Application pages own commercial procurement intent.",P2,APPROVED_PUBLICATION_TARGET_2026-09-13,OFFICIAL_SOURCE_UPDATE_REQUIRED,Show source and last-updated date; do not imply duty avoidance.,UK Titanium Dioxide Anti-Dumping Investigation | TiO2 Malaysia,"Check the active UK AD0086 investigation, rutile titanium dioxide import registration, written scope, key dates and shipment inputs to verify.",UK Rutile Titanium Dioxide: Active AD0086 Investigation and Import Registration,https://tio2products.com/resources/uk-titanium-dioxide-anti-dumping-investigation/,"index, follow",WebPage|BreadcrumbList,RES-000,RES-000|HOME-001,2026-09-13,YES,CURRENT_OFFICIAL_SOURCE_AND_DATE_REQUIRED,CURRENT_VALUE_DELIVERED_PENDING_PLAN_TASK_2_FINAL_RECONFIRMATION,pages/resources/uk-trade/RES-TRADE-UK_CURRENT_GATE_BASELINE_MANIFEST_V0.11.md
RES-TRADE-IN,RESOURCES,India Titanium Dioxide Trade Update,/resources/india-titanium-dioxide-anti-dumping-duty/,Market & trade update,INDIA,EN,india titanium dioxide anti dumping duty,titanium dioxide customs duty india,I,Awareness / Technical Evaluation,TRADE-IN-01,Own detailed India trade-policy query and link to the India procurement page.,supplier-page primary terms | exact grade primary terms,"Resource owns research/comparison/update intent; Market, Product, and Application pages own commercial procurement intent.",P2,APPROVED_PUBLICATION_TARGET_2026-09-13,OFFICIAL_SOURCE_UPDATE_REQUIRED,Show source and last-updated date; do not imply duty avoidance.,India Titanium Dioxide Anti-Dumping Duty Status | TiO2 Malaysia,"Check the quashed 2025 India TiO2 levy, DGTR’s 2026 recommendation, product scope, producer paths and shipment inputs to verify.","India Titanium Dioxide Anti-Dumping Duty: 2025 Levy Quashed, 2026 Recommendation Explained",https://tio2products.com/resources/india-titanium-dioxide-anti-dumping-duty/,"index, follow",WebPage|BreadcrumbList,RES-000,RES-000|HOME-001,2026-09-13,YES,CURRENT_OFFICIAL_SOURCE_AND_DATE_REQUIRED,CURRENT_VALUE_DELIVERED_PENDING_PLAN_TASK_2_FINAL_RECONFIRMATION,pages/resources/india-trade/RES-TRADE-IN_CURRENT_GATE_BASELINE_MANIFEST_V0.10.md
RES-TRADE-BR,RESOURCES,Brazil Titanium Dioxide Trade Update,/resources/brazil-titanium-dioxide-anti-dumping-duty/,Market & trade update,BRAZIL,EN,brazil titanium dioxide anti dumping duty,direito antidumping dióxido de titânio brasil | titanium dioxide import duty brazil,I,Awareness / Technical Evaluation,TRADE-BR-01,Own detailed Brazil trade-policy query and link to the Brazil procurement page.,supplier-page primary terms | exact grade primary terms,"Resource owns research/comparison/update intent; Market, Product, and Application pages own commercial procurement intent.",P2,APPROVED_PUBLICATION_TARGET_2026-09-13,OFFICIAL_SOURCE_UPDATE_REQUIRED,Show source and last-updated date; do not imply duty avoidance.,Brazil Titanium Dioxide Anti-Dumping Duty | TiO2 Malaysia,"Check Brazil’s definitive TiO2 anti-dumping measure, China-origin scope, four USD/t bands, exclusions and shipment inputs to verify.","Brazil Titanium Dioxide Anti-Dumping Duty: Current Measure, Scope and Rates",https://tio2products.com/resources/brazil-titanium-dioxide-anti-dumping-duty/,"index, follow",WebPage|BreadcrumbList,RES-000,RES-000|HOME-001,2026-09-13,YES,CURRENT_OFFICIAL_SOURCE_AND_DATE_REQUIRED,CURRENT_VALUE_DELIVERED_PENDING_PLAN_TASK_2_FINAL_RECONFIRMATION,pages/resources/brazil-trade/RES-TRADE-BR_CURRENT_GATE_BASELINE_MANIFEST_V0.12.md
CONV-RFQ,CONVERSION,Request a Quote,/request-a-quote/,RFQ conversion page,GLOBAL,EN,titanium dioxide quote supplier,titanium dioxide quotation | buy titanium dioxide bulk | titanium dioxide wholesaler | titanium dioxide distributor | titanium dioxide sourcing supplier,T,RFQ / Purchase,BUYER-01,"Capture destination, application, grade/specification, quantity, packaging, document, and sample requirements.",informational product and application primary terms,RFQ page owns quotation and purchase-action intent; commercial landing pages link here and retain supplier/product intent.,P0,APPROVED_PUBLICATION_TARGET_2026-09-13,QUALITATIVE_KEYWORD_EVIDENCE,Form workflow and field validation remain for the conversion design.,Request a Titanium Dioxide Quote | TiO2 Malaysia,"Request a titanium dioxide quotation from TiO2 Malaysia by providing your grade, application, quantity in metric tonnes and destination for review.",Request a Titanium Dioxide Quote,https://tio2products.com/request-a-quote/,"index, follow",WebPage|BreadcrumbList,HOME-001,GLOBAL_CHROME_FIXED_RFQ|HOME-001,2026-09-13,YES,FORM_SUCCESS_REQUIRES_PROVIDER_ACKNOWLEDGEMENT,CURRENT_VALUE_DELIVERED_PENDING_PLAN_TASK_2_FINAL_RECONFIRMATION,pages/conversion/request-a-quote/05_review/CONV-RFQ_CURRENT_GATE9_BASELINE_MANIFEST_V1.6.md
CONV-SAMPLE,CONVERSION,Request a Sample,/request-sample/,Sample conversion page,GLOBAL,EN,titanium dioxide sample supplier,request titanium dioxide sample | TiO2 sample request,T,Technical Evaluation,BUYER-01,Capture qualified sample requests and application context.,generic supplier terms | exact grade primary terms,Sample page owns sample-action intent; grade pages own model intent and pass the selected grade into this workflow.,P1,APPROVED_PUBLICATION_TARGET_2026-09-13,QUALITATIVE_KEYWORD_EVIDENCE,"Sample qualification, freight, and quantity rules remain for the conversion design.",Request a Titanium Dioxide Sample | TiO2 Malaysia,"Request a Malaysia-origin titanium dioxide sample for technical evaluation by sharing the grade, application, destination and test objective for human review.",Request a Titanium Dioxide Sample for Technical Evaluation,https://tio2products.com/request-sample/,"index, follow",WebPage|BreadcrumbList,HOME-001,PRODUCT_GRADE_PAGES|APPLICATION_PAGES,2026-09-13,YES,FORM_SUCCESS_REQUIRES_PROVIDER_ACKNOWLEDGEMENT,CURRENT_VALUE_DELIVERED_PENDING_PLAN_TASK_2_FINAL_RECONFIRMATION,pages/conversion/request-sample/05_review/CONV-SAMPLE_GATE9_CURRENT_BASELINE_MANIFEST_V0.3.md
CONTACT-001,ABOUT,Contact,/contact/,Utility contact page,GLOBAL,EN,NO_PRIMARY_KEYWORD,contact TiO2 Malaysia | contact IKHLAS Titanium,N,Contact,N/A,Provide verified company contact channels and route commercial users to RFQ.,supplier | product | application | document primary terms,Contact is a utility page and must not be optimized as a commercial supplier landing page.,P1,APPROVED_PUBLICATION_TARGET_2026-09-13,CONTACT_DETAILS_REQUIRED,Use verified entity details and domain email addresses only.,Contact TiO2 Malaysia | General Inquiries,"Contact TiO2 Malaysia with a general company or business inquiry, or use the dedicated pages to request a quote, product documents or a sample.",Contact TiO2 Malaysia,https://tio2products.com/contact/,"index, follow",ContactPage|BreadcrumbList,HOME-001,GLOBAL_CHROME_FOOTER|HOME-001,2026-09-13,YES,VERIFIED_CONTACT_DETAILS_REQUIRED,CURRENT_VALUE_DELIVERED_PENDING_PLAN_TASK_2_FINAL_RECONFIRMATION,pages/contact/CONTACT-001_CURRENT_GATE_BASELINE_MANIFEST_V0.14.md
LEGAL-PRIV-EN,LEGAL,Privacy Policy / Privacy Notice,/privacy-policy/,Legal / privacy page,GLOBAL,EN,NO_PRIMARY_KEYWORD,N/A,N,Navigation,N/A,"Explain verified personal-data processing, recipients, retention, rights, transfers and privacy contact routes.",supplier | product | market | application | document | RFQ commercial terms,Privacy owns legal transparency only and must not compete with commercial or informational landing pages.,P0,APPROVED_LEGAL_ARCHITECTURE,FACT_EVIDENCE_REQUIRED,Footer utility page; current and planned providers must be distinguished; no Terms dependency.,Privacy Policy | TiO2 Malaysia,"Learn how TiO2 Malaysia handles general business inquiry data, retention, necessary Cookies and privacy requests.",Privacy Policy,https://tio2products.com/privacy-policy/,"index, follow",WebPage|BreadcrumbList,HOME-001,GLOBAL_CHROME_FOOTER|SHARED_CONSENT,2026-09-13,YES,MUST_MATCH_ACTUAL_GA4_AND_CONSENT_BEHAVIOUR,CURRENT_GATE6_GA4_DELIVERY_VALUE_DELIVERED_PENDING_GATE8_9_PARITY,pages/legal-privacy/05_review/LEGAL-PRIV-EN_CURRENT_GATE6_GA4_DELIVERY_MANIFEST_V1.4.md
LEGAL-PRIV-MS,LEGAL,Dasar Privasi / Notis Perlindungan Data Peribadi,/ms/privacy-policy/,Legal / privacy page,GLOBAL,MS-MY,NO_PRIMARY_KEYWORD,N/A,N,Navigation,N/A,Provide the approved Bahasa Malaysia counterpart to the verified English privacy notice.,supplier | product | market | application | document | RFQ commercial terms,Bahasa Malaysia Privacy owns language-equivalent legal transparency only and must not target commercial queries.,P0,APPROVED_LEGAL_ARCHITECTURE,FACT_EVIDENCE_REQUIRED,Independent URL; reciprocal hreflang is active after the user-confirmed Malay legal equivalence review on 2026-09-23.,Dasar Privasi | TiO2 Malaysia,"Ketahui cara TiO2 Malaysia mengendalikan data pertanyaan perniagaan umum, tempoh penyimpanan, Kuki yang diperlukan dan permintaan privasi.",Dasar Privasi,https://tio2products.com/ms/privacy-policy/,"index, follow",WebPage|BreadcrumbList,HOME-001,GLOBAL_CHROME_FOOTER|SHARED_CONSENT,2026-09-13,YES,NONE,CURRENT_GATE6_GA4_DELIVERY_VALUE_DELIVERED_PENDING_GATE8_9_PARITY,pages/legal-privacy/05_review/LEGAL-PRIV-MS_CURRENT_GATE6_GA4_DELIVERY_MANIFEST_V1.4.md
LEGAL-COOKIE-EN,LEGAL,Cookie Policy,/cookie-policy/,Legal / cookie page,GLOBAL,EN,NO_PRIMARY_KEYWORD,N/A,N,Navigation,N/A,"Explain verified Cookies, Local Storage, consent categories, providers, durations and preference controls.",supplier | product | market | application | document | RFQ commercial terms,Cookie Policy owns storage and consent transparency only; Cookie Settings remains a non-page functional control.,P0,APPROVED_LEGAL_ARCHITECTURE,FACT_EVIDENCE_REQUIRED,Footer utility page; local preview uses necessary session storage, while the indexable HTTPS production host enables optional GA4 only after explicit consent. Recheck the deployed Cookie inventory at release.,Cookie Policy | TiO2 Malaysia,Learn which necessary Cookies TiO2 Malaysia uses for its contact form and how to review browser storage.,Cookie Policy,https://tio2products.com/cookie-policy/,"index, follow",WebPage|BreadcrumbList,HOME-001,GLOBAL_CHROME_FOOTER|SHARED_CONSENT,2026-09-13,YES,MUST_MATCH_ACTUAL_STORAGE_INVENTORY,CURRENT_GATE6_GA4_DELIVERY_VALUE_DELIVERED_PENDING_GATE8_9_PARITY,pages/legal-privacy/05_review/LEGAL-COOKIE-EN_CURRENT_GATE6_GA4_DELIVERY_MANIFEST_V1.2.md
SYS-404,SYSTEM,Page Not Found,RUNTIME_FALLBACK,Global system recovery page,GLOBAL,EN,NO_PRIMARY_KEYWORD,N/A,N,Navigation recovery,N/A,Recover visitors from unknown tio2-my URLs through approved existing destinations.,supplier | product | market | application | document | RFQ | sample | help commercial terms,No search ownership; existing commercial and utility pages retain their intent; no separate indexable /404/ route.,P1,APPROVED_USER_PAGE_ADDITION,NO_DIRECT_KEYWORD_TARGET,"2026-09-08 approved design and SYS_404_CONV_THANK_PAGE_ADDITION_DECISION_V1.0.md; real HTTP 404; noindex, follow; excluded from sitemap; Gate 0 registered; Gate 1 APPROVED / CLOSED; CONTENT_INTENT_CONFIRMED=YES; Gate 2+ development and publication remain unauthorized.",Page Not Found | TiO2 Malaysia,NONE,Let’s help you find what you need.,NONE,"noindex, follow",NONE,HOME-001,RUNTIME_FALLBACK_ONLY,2026-09-13,NO,RUNTIME_FALLBACK_NOT_AN_INDEXABLE_ROUTE,CURRENT_APPROVED_OR_PRERELEASE_VALUE_DELIVERED,pages/system/404/SYS-404_CURRENT_GATE_BASELINE_MANIFEST_V0.16.md
CONV-THANK,CONVERSION,Thank You,/thank-you/,Shared form-result utility page,GLOBAL,EN,NO_PRIMARY_KEYWORD,N/A,N,Post-submission confirmation,N/A,Show approved Quote Documents or Sample receipt only after receiver positive acknowledgement and a valid short-lived browser-session marker; direct or invalid access offers request choices.,supplier | product | market | application | document | RFQ | sample | help commercial terms,No search ownership; RFQ Documents and Sample source pages retain collection and action intent; query variants are one utility page.,P1,APPROVED_USER_PAGE_ADDITION,NO_DIRECT_KEYWORD_TARGET,"2026-09-08 approved design and SYS_404_CONV_THANK_PAGE_ADDITION_DECISION_V1.0.md; actual utility route HTTP 200; noindex, nofollow; excluded from sitemap; no PII or request data in URL marker analytics or rendered content; Gate 0 registered; Gate 1 APPROVED / CLOSED; CONTENT_INTENT_CONFIRMED=YES; Gate 2+ development and publication remain unauthorized.",Thank You | TiO2 Malaysia,"View confirmation and next steps for a TiO2 Malaysia quotation, document or sample request, or choose the request you would like to make.",How can we help?,https://tio2products.com/thank-you/,"noindex, nofollow",WebPage,HOME-001,CONV-RFQ|CONV-DOC|CONV-SAMPLE,2026-09-13,NO,POST_SUBMISSION_UTILITY_NO_PII,CURRENT_APPROVED_OR_PRERELEASE_VALUE_DELIVERED,pages/conversion/thank-you/CONV-THANK_CURRENT_GATE_BASELINE_MANIFEST_V0.16.md
