source_commit,source_path,target_path,sha256,purpose
765c66ed2b2d9d42cacab9009c7b17830cfdedf5,pages/products/01_research/PRODUCT_GRADE_APPLICATION_PROCESS_MATRIX_V0.3.csv,planning/RELATIONSHIPS.csv,8465e231545d3efc6333ec593441eef65e95173a4708097cec0d7a97a014e406,approved relationships
765c66ed2b2d9d42cacab9009c7b17830cfdedf5,brand/logo/candidates/v0.1/tio2-malaysia-primary-horizontal-v0.1.svg,planning/inputs/brand/logo/candidates/v0.1/tio2-malaysia-primary-horizontal-v0.1.svg,eeed3a758e7ae1b847238d1c88e86eee7a8e67b863969af4d286747e9a72487c,visual dependency
765c66ed2b2d9d42cacab9009c7b17830cfdedf5,brand/logo/candidates/v0.1/tio2-malaysia-reverse-monochrome-v0.1.svg,planning/inputs/brand/logo/candidates/v0.1/tio2-malaysia-reverse-monochrome-v0.1.svg,7cfaeafa02ac8469a006c9489db2f92b15b2621e4151b04efe1b30fc734c1b5e,visual dependency
765c66ed2b2d9d42cacab9009c7b17830cfdedf5,brand/visual/TIO2_MALAYSIA_PRIMARY_CTA_ACCESSIBILITY_ADDENDUM_V1.0.md,planning/inputs/brand/visual/TIO2_MALAYSIA_PRIMARY_CTA_ACCESSIBILITY_ADDENDUM_V1.0.md,1f6cb1f9913bd78aed3cab30af56ce1eeabb0c46cb354f09f05e2d00a3897e9a,global facts/design
765c66ed2b2d9d42cacab9009c7b17830cfdedf5,brand/visual/TiO2_Malaysia_Visual_Standard_V1.0.md,planning/inputs/brand/visual/TiO2_Malaysia_Visual_Standard_V1.0.md,75cf7bbd306a4b2bf2662414dfb28813b094b8552af8a7fe54231f3837e524ec,global facts/design
765c66ed2b2d9d42cacab9009c7b17830cfdedf5,docs/architecture/EVIDENCE_GAP_USER_DECISION_REGISTER_V1.8.md,planning/inputs/docs/architecture/EVIDENCE_GAP_USER_DECISION_REGISTER_V1.8.md,4afc9c195a5d42a5fb9ab7c1c03f02f3dca0dbd61121b79673f0de0fff2e8e09,global facts/design
765c66ed2b2d9d42cacab9009c7b17830cfdedf5,docs/architecture/GLOBAL_HEADER_FOOTER_SPEC_V0.5.md,planning/inputs/docs/architecture/GLOBAL_HEADER_FOOTER_SPEC_V0.5.md,cc236f47018a68771856fdbaf5553517f63959774e0e8819130e66e2b1049f18,global facts/design
765c66ed2b2d9d42cacab9009c7b17830cfdedf5,docs/architecture/LEGAL_PRIVACY_NO_TERMS_TITAN_PATTERN_DECISION_V1.0.md,planning/inputs/docs/architecture/LEGAL_PRIVACY_NO_TERMS_TITAN_PATTERN_DECISION_V1.0.md,9b01c3d086bcbed5cb3de2ed74ee997fc671fe21b055f458ac0b8301d99127d1,global facts/design
765c66ed2b2d9d42cacab9009c7b17830cfdedf5,docs/architecture/gate3-shared-consumer-v0.2/Inter-Variable.ttf,planning/inputs/docs/architecture/gate3-shared-consumer-v0.2/Inter-Variable.ttf,29160a80ff49ddcab2c97711247e08b1fab27a484a329ce8b813d820dc559031,visual dependency
765c66ed2b2d9d42cacab9009c7b17830cfdedf5,docs/prd/TiO2_Malaysia_Website_PRD_V0.4.md,planning/inputs/docs/prd/TiO2_Malaysia_Website_PRD_V0.4.md,135de023057004651d70cc127a27de47662b71572e05252b3f1d781a4e797305,global facts/design
765c66ed2b2d9d42cacab9009c7b17830cfdedf5,pages/about-contact/04_visual/d32-gate4-v0.1/ABOUT-001_D32_GATE4.html,planning/inputs/pages/about-contact/04_visual/d32-gate4-v0.1/ABOUT-001_D32_GATE4.html,33cdf52b03854f2d2fdda502e2c472141a3de0a8cc4ed560e2bd4f2d507d8351,visual
765c66ed2b2d9d42cacab9009c7b17830cfdedf5,pages/about-contact/04_visual/d32-gate4-v0.1/about.css,planning/inputs/pages/about-contact/04_visual/d32-gate4-v0.1/about.css,3e4282d65c18c2ac7e2d7396ea4f0106bb2180213335bc0534a45f8c80c6f842,visual dependency
765c66ed2b2d9d42cacab9009c7b17830cfdedf5,pages/about-contact/04_visual/d32-gate4-v0.1/about.js,planning/inputs/pages/about-contact/04_visual/d32-gate4-v0.1/about.js,e0b4599babab789272eab2bed9db2571eb742f9fe8ea107555ae99d5adec8225,visual dependency
765c66ed2b2d9d42cacab9009c7b17830cfdedf5,pages/about-contact/04_visual/d32-gate4-v0.1/media-projection.css,planning/inputs/pages/about-contact/04_visual/d32-gate4-v0.1/media-projection.css,ffce2fbb441ed323d11f7b7310695e500d353a0ca5f9b23cd5a1e9720b67ca59,visual dependency
765c66ed2b2d9d42cacab9009c7b17830cfdedf5,pages/about-contact/04_visual/d32-gate4-v0.1/shared-snapshot.css,planning/inputs/pages/about-contact/04_visual/d32-gate4-v0.1/shared-snapshot.css,7b9e6cb6113cc0d7f6d7542a17456472776f7ec88affadb1b70d0c47edd0a3a0,visual dependency
765c66ed2b2d9d42cacab9009c7b17830cfdedf5,pages/about-contact/04_visual/d32-gate4-v0.1/shared-snapshot.js,planning/inputs/pages/about-contact/04_visual/d32-gate4-v0.1/shared-snapshot.js,63c3cb0bae379e7ac77d5cc6d2e60bc16654079e3e71f75f5fc5743034e85e56,visual dependency
765c66ed2b2d9d42cacab9009c7b17830cfdedf5,pages/about-contact/04_visual/pcr02_assets/ABOUT-001_G6_PCR02_DESKTOP_1440_MINIMAL_EDIT_V0.3.png,planning/inputs/pages/about-contact/04_visual/pcr02_assets/ABOUT-001_G6_PCR02_DESKTOP_1440_MINIMAL_EDIT_V0.3.png,2ee18b00936ccb27c7608b2d2f02d893b3fd405f995ec59437314bb8f255e463,visual dependency
765c66ed2b2d9d42cacab9009c7b17830cfdedf5,pages/applications/04_planning/d32-gate4-v0.1/application-visual.html,planning/inputs/pages/applications/04_planning/d32-gate4-v0.1/application-visual.html,1575cfed2fd93857a4ad0a49421099cef24ed34cc22e78cf49dad7c0f69c3cb4,visual
765c66ed2b2d9d42cacab9009c7b17830cfdedf5,pages/applications/04_planning/d32-gate4-v0.1/visual.css,planning/inputs/pages/applications/04_planning/d32-gate4-v0.1/visual.css,1393717126ededfceac9f44e6d66b62376104433cd6dc5959275471d5357088a,visual dependency
765c66ed2b2d9d42cacab9009c7b17830cfdedf5,pages/applications/coatings/04_planning/APP-COAT_GATE2_FULL_BUYER_CLEAN_COPY_V0.2.md,planning/inputs/pages/applications/coatings/04_planning/APP-COAT_GATE2_FULL_BUYER_CLEAN_COPY_V0.2.md,e5c9ffa7bcd7ae0375e45e27ba9bc26b95d00d317ff19c243e7e931b17706531,content
765c66ed2b2d9d42cacab9009c7b17830cfdedf5,pages/applications/coatings/04_planning/gate4-v0.1/APP-COAT_GATE4_COMPLETE_VISUAL_V0.1.html,planning/inputs/pages/applications/coatings/04_planning/gate4-v0.1/APP-COAT_GATE4_COMPLETE_VISUAL_V0.1.html,a1e8c4153831aa829698f62e0c30c1fc7a77ec5bbb1f23ce264dede5d61443d2,visual
765c66ed2b2d9d42cacab9009c7b17830cfdedf5,pages/applications/coatings/04_planning/gate4-v0.1/dependencies/Inter-Variable.ttf,planning/inputs/pages/applications/coatings/04_planning/gate4-v0.1/dependencies/Inter-Variable.ttf,29160a80ff49ddcab2c97711247e08b1fab27a484a329ce8b813d820dc559031,visual dependency
765c66ed2b2d9d42cacab9009c7b17830cfdedf5,pages/applications/coatings/04_planning/gate4-v0.1/dependencies/tio2-malaysia-primary-horizontal-v0.1.svg,planning/inputs/pages/applications/coatings/04_planning/gate4-v0.1/dependencies/tio2-malaysia-primary-horizontal-v0.1.svg,eeed3a758e7ae1b847238d1c88e86eee7a8e67b863969af4d286747e9a72487c,visual dependency
765c66ed2b2d9d42cacab9009c7b17830cfdedf5,pages/applications/coatings/04_planning/gate4-v0.1/dependencies/tio2-malaysia-reverse-monochrome-v0.1.svg,planning/inputs/pages/applications/coatings/04_planning/gate4-v0.1/dependencies/tio2-malaysia-reverse-monochrome-v0.1.svg,7cfaeafa02ac8469a006c9489db2f92b15b2621e4151b04efe1b30fc734c1b5e,visual dependency
765c66ed2b2d9d42cacab9009c7b17830cfdedf5,pages/applications/coatings/04_planning/gate4-v0.1/visual-direction.css,planning/inputs/pages/applications/coatings/04_planning/gate4-v0.1/visual-direction.css,f4c2e703345cb3eae1221937ff63b61b3742c6f2da6ccf9c1f3da730db67ca8c,visual dependency
765c66ed2b2d9d42cacab9009c7b17830cfdedf5,pages/applications/masterbatch/04_planning/APP-MB_GATE2_FULL_BUYER_CLEAN_COPY_V0.3.md,planning/inputs/pages/applications/masterbatch/04_planning/APP-MB_GATE2_FULL_BUYER_CLEAN_COPY_V0.3.md,06bdd245d1722223c415e0c4cecc7248f64d938cc37f936ae160b240faa9343f,content
765c66ed2b2d9d42cacab9009c7b17830cfdedf5,pages/applications/masterbatch/04_planning/gate4-v0.1/APP-MB_GATE4_EDITABLE_SOURCE_V0.1.html,planning/inputs/pages/applications/masterbatch/04_planning/gate4-v0.1/APP-MB_GATE4_EDITABLE_SOURCE_V0.1.html,96ef54b24f4121dbd79ce4975f9e7c48ff0d6de0a270a82f93652f76525b9c1e,visual
765c66ed2b2d9d42cacab9009c7b17830cfdedf5,pages/applications/paper/04_planning/APP-PAPER_GATE2_FULL_BUYER_CLEAN_COPY_V0.2.md,planning/inputs/pages/applications/paper/04_planning/APP-PAPER_GATE2_FULL_BUYER_CLEAN_COPY_V0.2.md,14a77a04347e78b7ad080cd9d8b7f6251692450380216506e6e0745724012542,content
765c66ed2b2d9d42cacab9009c7b17830cfdedf5,pages/applications/paper/04_planning/gate4-v0.1/APP-PAPER_GATE4_COMPLETE_VISUAL_V0.1.html,planning/inputs/pages/applications/paper/04_planning/gate4-v0.1/APP-PAPER_GATE4_COMPLETE_VISUAL_V0.1.html,e3d7907131d98b987328bf084ba80ed90476363e3caa9936252c5558784bac9f,visual
765c66ed2b2d9d42cacab9009c7b17830cfdedf5,pages/applications/plastics/04_planning/APP-PLAS_GATE2_FULL_BUYER_CLEAN_COPY_V0.3.md,planning/inputs/pages/applications/plastics/04_planning/APP-PLAS_GATE2_FULL_BUYER_CLEAN_COPY_V0.3.md,8db6d6fa979831e1e5c5930bdfe3ec261bb74d252304658251a37932bbea4f92,content
765c66ed2b2d9d42cacab9009c7b17830cfdedf5,pages/applications/plastics/04_planning/gate4-v0.1/APP-PLAS_GATE4_COMPLETE_VISUAL_V0.1.html,planning/inputs/pages/applications/plastics/04_planning/gate4-v0.1/APP-PLAS_GATE4_COMPLETE_VISUAL_V0.1.html,fd61a0b74f81c094af4193dcd323cb6f4965321ff453039e0b7bd58c6891e6f9,visual
765c66ed2b2d9d42cacab9009c7b17830cfdedf5,pages/applications/printing-inks/04_planning/APP-INK_GATE2_FULL_BUYER_CLEAN_COPY_V0.2.md,planning/inputs/pages/applications/printing-inks/04_planning/APP-INK_GATE2_FULL_BUYER_CLEAN_COPY_V0.2.md,b5a92976f526fcfee74fdf088ec9ea3ef21456e5ba66965f79c50ec4dd5c938d,content
765c66ed2b2d9d42cacab9009c7b17830cfdedf5,pages/applications/printing-inks/04_planning/gate4-v0.1/APP-INK_GATE4_COMPLETE_VISUAL_V0.1.html,planning/inputs/pages/applications/printing-inks/04_planning/gate4-v0.1/APP-INK_GATE4_COMPLETE_VISUAL_V0.1.html,148baf534aae5beaf66f2b776f2741dccb5f5b2fe458761d2193fa83eb65ae98,visual
765c66ed2b2d9d42cacab9009c7b17830cfdedf5,pages/contact/04_planning/CONTACT-001_GATE2_FULL_BUYER_CLEAN_COPY_V0.1.md,planning/inputs/pages/contact/04_planning/CONTACT-001_GATE2_FULL_BUYER_CLEAN_COPY_V0.1.md,bcab77db76fd17a2b6c87801a476ce39e285b43b4eb37af758e4f2b3fab3ea7e,content
765c66ed2b2d9d42cacab9009c7b17830cfdedf5,pages/contact/04_planning/gate4-v0.2/CONTACT-001_GATE4_COMPLETE_VISUAL_V0.2.html,planning/inputs/pages/contact/04_planning/gate4-v0.2/CONTACT-001_GATE4_COMPLETE_VISUAL_V0.2.html,fc1a64b7ef3320fe3f6a17f2c7d119e8cba65586c9f6d0fc9b8406e6ec8e0879,visual
765c66ed2b2d9d42cacab9009c7b17830cfdedf5,pages/contact/04_planning/gate4-v0.2/dependencies/Inter-Variable.ttf,planning/inputs/pages/contact/04_planning/gate4-v0.2/dependencies/Inter-Variable.ttf,29160a80ff49ddcab2c97711247e08b1fab27a484a329ce8b813d820dc559031,visual dependency
765c66ed2b2d9d42cacab9009c7b17830cfdedf5,pages/contact/04_planning/gate4-v0.2/dependencies/tio2-malaysia-primary-horizontal-v0.1.svg,planning/inputs/pages/contact/04_planning/gate4-v0.2/dependencies/tio2-malaysia-primary-horizontal-v0.1.svg,eeed3a758e7ae1b847238d1c88e86eee7a8e67b863969af4d286747e9a72487c,visual dependency
765c66ed2b2d9d42cacab9009c7b17830cfdedf5,pages/contact/04_planning/gate4-v0.2/dependencies/tio2-malaysia-reverse-monochrome-v0.1.svg,planning/inputs/pages/contact/04_planning/gate4-v0.2/dependencies/tio2-malaysia-reverse-monochrome-v0.1.svg,7cfaeafa02ac8469a006c9489db2f92b15b2621e4151b04efe1b30fc734c1b5e,visual dependency
765c66ed2b2d9d42cacab9009c7b17830cfdedf5,pages/conversion/04_planning/CONV-DOC_CONTENT_ARCHITECTURE_V0.5.md,planning/inputs/pages/conversion/04_planning/CONV-DOC_CONTENT_ARCHITECTURE_V0.5.md,b485a8190d0d60c8244ce722fc38f0d518ba343f927225a84b73fa99fca697e1,content
765c66ed2b2d9d42cacab9009c7b17830cfdedf5,pages/conversion/04_planning/visual-designs/CONV-DOC_FULL_VISUAL_DESIGN_V0.6.md,planning/inputs/pages/conversion/04_planning/visual-designs/CONV-DOC_FULL_VISUAL_DESIGN_V0.6.md,be671701a475d11759a27ed49d25a2b49d04207e7582c4cf84ba73e3fd0e70a1,visual
765c66ed2b2d9d42cacab9009c7b17830cfdedf5,pages/conversion/04_planning/visual-designs/assets/CONV-DOC_G5_DESKTOP_1440_DIRECTED_REPAIR_V0.6.png,planning/inputs/pages/conversion/04_planning/visual-designs/assets/CONV-DOC_G5_DESKTOP_1440_DIRECTED_REPAIR_V0.6.png,94ab1d160535c6097f424fe7324fb51a62b131c38635760228beb1f4c67d7132,final visual reference
765c66ed2b2d9d42cacab9009c7b17830cfdedf5,pages/conversion/04_planning/visual-designs/assets/CONV-DOC_G5_INTERACTION_STATES_DIRECTED_REPAIR_V0.6.png,planning/inputs/pages/conversion/04_planning/visual-designs/assets/CONV-DOC_G5_INTERACTION_STATES_DIRECTED_REPAIR_V0.6.png,4c52c10574b52e504e9142d01c7acbd09836272814f51849b5cfde73e3e96183,final visual reference
765c66ed2b2d9d42cacab9009c7b17830cfdedf5,pages/conversion/04_planning/visual-designs/assets/CONV-DOC_G5_MOBILE_390_DIRECTED_REPAIR_V0.6.png,planning/inputs/pages/conversion/04_planning/visual-designs/assets/CONV-DOC_G5_MOBILE_390_DIRECTED_REPAIR_V0.6.png,1515014e0bf73acc8fecf9a0f9ac8f991aa33d6cdd75bc169165d0404b0ba884,final visual reference
765c66ed2b2d9d42cacab9009c7b17830cfdedf5,pages/conversion/04_planning/visual-designs/assets/CONV-DOC_G5_MOBILE_390_MENU_OPEN_V0.5.png,planning/inputs/pages/conversion/04_planning/visual-designs/assets/CONV-DOC_G5_MOBILE_390_MENU_OPEN_V0.5.png,bcb361a515fb3e03fe918e27bad3b66c2a9db67a624f5ba3788448831fb0dc4e,final visual reference
765c66ed2b2d9d42cacab9009c7b17830cfdedf5,pages/conversion/04_planning/visual-designs/assets/CONV-DOC_G5_TABLET_768_DIRECTED_REPAIR_V0.6.png,planning/inputs/pages/conversion/04_planning/visual-designs/assets/CONV-DOC_G5_TABLET_768_DIRECTED_REPAIR_V0.6.png,2919fc8b630431802be6a6aab41750098abd86b3da7b683a3fa440a82a46c553,final visual reference
765c66ed2b2d9d42cacab9009c7b17830cfdedf5,pages/conversion/request-a-quote/04_planning/CONV-RFQ_GATE2_FULL_COPY_V1.1.md,planning/inputs/pages/conversion/request-a-quote/04_planning/CONV-RFQ_GATE2_FULL_COPY_V1.1.md,0d38c9ed1c3beb4121bf4ba924d53e9b8e153a51f30ec9b87b7a74717272fdc2,content
765c66ed2b2d9d42cacab9009c7b17830cfdedf5,pages/conversion/request-a-quote/04_planning/visual-designs/CONV-RFQ_GATE5_FULL_VISUAL_SPEC_V1.0.md,planning/inputs/pages/conversion/request-a-quote/04_planning/visual-designs/CONV-RFQ_GATE5_FULL_VISUAL_SPEC_V1.0.md,183799dfaa10000cff95eed28d67392831d8dcefdf6d752d937471fda82ec0ee,visual
765c66ed2b2d9d42cacab9009c7b17830cfdedf5,pages/conversion/request-a-quote/04_planning/visual-designs/gate5_v1.0/CONV-RFQ_GATE5_DESKTOP_1440_BUYER_CLEAN_V1.0.png,planning/inputs/pages/conversion/request-a-quote/04_planning/visual-designs/gate5_v1.0/CONV-RFQ_GATE5_DESKTOP_1440_BUYER_CLEAN_V1.0.png,9e81ec4d6e96c710646ec29212b71276282b5cfba2ad0da2032bbb06b78b3b06,final visual reference
765c66ed2b2d9d42cacab9009c7b17830cfdedf5,pages/conversion/request-a-quote/04_planning/visual-designs/gate5_v1.0/CONV-RFQ_GATE5_MOBILE_390_LOGICAL_AT2X_BUYER_CLEAN_V1.0.png,planning/inputs/pages/conversion/request-a-quote/04_planning/visual-designs/gate5_v1.0/CONV-RFQ_GATE5_MOBILE_390_LOGICAL_AT2X_BUYER_CLEAN_V1.0.png,8598ad96e86bc422e89552327e07673f3e5b12fcc4b030a506eeb077cbe5a126,final visual reference
765c66ed2b2d9d42cacab9009c7b17830cfdedf5,pages/conversion/request-a-quote/04_planning/visual-designs/gate5_v1.0/CONV-RFQ_GATE5_MOBILE_MENU_OPEN_390_LOGICAL_AT2X_V1.0.png,planning/inputs/pages/conversion/request-a-quote/04_planning/visual-designs/gate5_v1.0/CONV-RFQ_GATE5_MOBILE_MENU_OPEN_390_LOGICAL_AT2X_V1.0.png,a47b439aeec365415f773a722658a3b419494784d59fa089946f50a6cbc4c164,final visual reference
765c66ed2b2d9d42cacab9009c7b17830cfdedf5,pages/conversion/request-a-quote/04_planning/visual-designs/gate5_v1.0/CONV-RFQ_GATE5_MOBILE_STATE_BOARD_390_LOGICAL_AT2X_V1.0.png,planning/inputs/pages/conversion/request-a-quote/04_planning/visual-designs/gate5_v1.0/CONV-RFQ_GATE5_MOBILE_STATE_BOARD_390_LOGICAL_AT2X_V1.0.png,bdd94d452017b5070c76b7d34536ce19f0698027c4415b632380cafc99a47100,final visual reference
765c66ed2b2d9d42cacab9009c7b17830cfdedf5,pages/conversion/request-a-quote/04_planning/visual-designs/gate5_v1.0/CONV-RFQ_GATE5_STATE_BOARD_1440_V1.0.png,planning/inputs/pages/conversion/request-a-quote/04_planning/visual-designs/gate5_v1.0/CONV-RFQ_GATE5_STATE_BOARD_1440_V1.0.png,5b9fcbdec189cf583652b9648f809891b6c8e8e2517944255ccd0bd176e7cc7e,final visual reference
765c66ed2b2d9d42cacab9009c7b17830cfdedf5,pages/conversion/request-a-quote/04_planning/visual-designs/gate5_v1.0/CONV-RFQ_GATE5_TABLET_768_BUYER_CLEAN_V1.0.png,planning/inputs/pages/conversion/request-a-quote/04_planning/visual-designs/gate5_v1.0/CONV-RFQ_GATE5_TABLET_768_BUYER_CLEAN_V1.0.png,548f7966021fbd020a74c2daa43942b5e4bf4008349504d67b674f6358e9973f,final visual reference
765c66ed2b2d9d42cacab9009c7b17830cfdedf5,pages/conversion/request-sample/04_planning/CONV-SAMPLE_CONTENT_ARCHITECTURE_V0.1.md,planning/inputs/pages/conversion/request-sample/04_planning/CONV-SAMPLE_CONTENT_ARCHITECTURE_V0.1.md,2ef18173e589cacbf03d021ce4038bcbe5810fa76975599352d91e17abdbf534,content
765c66ed2b2d9d42cacab9009c7b17830cfdedf5,pages/conversion/request-sample/04_planning/visual-designs/CONV-SAMPLE_FULL_VISUAL_DESIGN_V0.5.md,planning/inputs/pages/conversion/request-sample/04_planning/visual-designs/CONV-SAMPLE_FULL_VISUAL_DESIGN_V0.5.md,5640a0dfee03c70c3e2fd88ac7b51774ffb85372039857655bf10fcbae9bea28,visual
765c66ed2b2d9d42cacab9009c7b17830cfdedf5,pages/conversion/request-sample/04_planning/visual-designs/assets/CONV-SAMPLE_G5_DESKTOP_1440_PREFILLED_BUYER_CLEAN_V0.5.png,planning/inputs/pages/conversion/request-sample/04_planning/visual-designs/assets/CONV-SAMPLE_G5_DESKTOP_1440_PREFILLED_BUYER_CLEAN_V0.5.png,817723193b69a5dc402930fe35286f1185c1862de509dad7b48ac04c665b13f0,final visual reference
765c66ed2b2d9d42cacab9009c7b17830cfdedf5,pages/conversion/request-sample/04_planning/visual-designs/assets/CONV-SAMPLE_G5_DESKTOP_1440_SUCCESS_BUYER_CLEAN_V0.5.png,planning/inputs/pages/conversion/request-sample/04_planning/visual-designs/assets/CONV-SAMPLE_G5_DESKTOP_1440_SUCCESS_BUYER_CLEAN_V0.5.png,e18983ca927a209a3c5a533c1a9d44b1ec66a87254fc98f3cd261e53c303f960,final visual reference
765c66ed2b2d9d42cacab9009c7b17830cfdedf5,pages/conversion/request-sample/04_planning/visual-designs/assets/CONV-SAMPLE_G5_DESKTOP_1440_UNPREFILLED_BUYER_CLEAN_V0.5.png,planning/inputs/pages/conversion/request-sample/04_planning/visual-designs/assets/CONV-SAMPLE_G5_DESKTOP_1440_UNPREFILLED_BUYER_CLEAN_V0.5.png,481eeeeb547a44c6e51c39938425080cba5445c6c056c3eafa5f439a7a16bfd8,final visual reference
765c66ed2b2d9d42cacab9009c7b17830cfdedf5,pages/conversion/request-sample/04_planning/visual-designs/assets/CONV-SAMPLE_G5_DESKTOP_INTERACTION_STATE_BOARD_V0.5.png,planning/inputs/pages/conversion/request-sample/04_planning/visual-designs/assets/CONV-SAMPLE_G5_DESKTOP_INTERACTION_STATE_BOARD_V0.5.png,4b097be4a99b41e9fa0a4f0a52876220a7eeb70371cb6665c5e2d8e323d987ea,final visual reference
765c66ed2b2d9d42cacab9009c7b17830cfdedf5,pages/conversion/request-sample/04_planning/visual-designs/assets/CONV-SAMPLE_G5_MOBILE_390_INTERACTION_STATE_BOARD_V0.5.png,planning/inputs/pages/conversion/request-sample/04_planning/visual-designs/assets/CONV-SAMPLE_G5_MOBILE_390_INTERACTION_STATE_BOARD_V0.5.png,3fd151b3ce6f614acbf97ab510c4344d2021e12754b166dc900b3ed1c330f942,final visual reference
765c66ed2b2d9d42cacab9009c7b17830cfdedf5,pages/conversion/request-sample/04_planning/visual-designs/assets/CONV-SAMPLE_G5_MOBILE_390_MENU_OPEN_V0.5.png,planning/inputs/pages/conversion/request-sample/04_planning/visual-designs/assets/CONV-SAMPLE_G5_MOBILE_390_MENU_OPEN_V0.5.png,ef552150abf8bb5ef590ac635c16883c6999f8722976f11773d4c9a9f3f9f8c3,final visual reference
765c66ed2b2d9d42cacab9009c7b17830cfdedf5,pages/conversion/request-sample/04_planning/visual-designs/assets/CONV-SAMPLE_G5_MOBILE_390_OTHER_APPLICATION_V0.5.png,planning/inputs/pages/conversion/request-sample/04_planning/visual-designs/assets/CONV-SAMPLE_G5_MOBILE_390_OTHER_APPLICATION_V0.5.png,43d61e3adfcea18f0b3783b0b143cd478001df6bcca9091c6ef19caba38a24d8,final visual reference
765c66ed2b2d9d42cacab9009c7b17830cfdedf5,pages/conversion/request-sample/04_planning/visual-designs/assets/CONV-SAMPLE_G5_MOBILE_390_PREFILLED_BUYER_CLEAN_V0.5.png,planning/inputs/pages/conversion/request-sample/04_planning/visual-designs/assets/CONV-SAMPLE_G5_MOBILE_390_PREFILLED_BUYER_CLEAN_V0.5.png,fa8f1a34974bdc5d26863d69b2dea579c6e84045e35cec818571452dda4e98f0,final visual reference
765c66ed2b2d9d42cacab9009c7b17830cfdedf5,pages/conversion/request-sample/04_planning/visual-designs/assets/CONV-SAMPLE_G5_MOBILE_390_SERVICE_UNAVAILABLE_V0.5.png,planning/inputs/pages/conversion/request-sample/04_planning/visual-designs/assets/CONV-SAMPLE_G5_MOBILE_390_SERVICE_UNAVAILABLE_V0.5.png,01aa3fb397ace8d174c85f0b337010d49e4ef24056fb77458b513f16aeaa2015,final visual reference
765c66ed2b2d9d42cacab9009c7b17830cfdedf5,pages/conversion/request-sample/04_planning/visual-designs/assets/CONV-SAMPLE_G5_MOBILE_390_SUBMISSION_FAILURE_V0.5.png,planning/inputs/pages/conversion/request-sample/04_planning/visual-designs/assets/CONV-SAMPLE_G5_MOBILE_390_SUBMISSION_FAILURE_V0.5.png,0520d4c088a976ae63801d6682e4fe0c4c7969243197f766238d867b8beb1372,final visual reference
765c66ed2b2d9d42cacab9009c7b17830cfdedf5,pages/conversion/request-sample/04_planning/visual-designs/assets/CONV-SAMPLE_G5_MOBILE_390_SUBMITTING_V0.5.png,planning/inputs/pages/conversion/request-sample/04_planning/visual-designs/assets/CONV-SAMPLE_G5_MOBILE_390_SUBMITTING_V0.5.png,9f54e52bcbd42b43281b031265245addfd13fb24067d0c63550a9c3966c6439d,final visual reference
765c66ed2b2d9d42cacab9009c7b17830cfdedf5,pages/conversion/request-sample/04_planning/visual-designs/assets/CONV-SAMPLE_G5_MOBILE_390_SUCCESS_V0.5.png,planning/inputs/pages/conversion/request-sample/04_planning/visual-designs/assets/CONV-SAMPLE_G5_MOBILE_390_SUCCESS_V0.5.png,9dbb007c0ded1f6bb67303ebaf783a2b1a8745d8028387ab26b952d68ab55c52,final visual reference
765c66ed2b2d9d42cacab9009c7b17830cfdedf5,pages/conversion/request-sample/04_planning/visual-designs/assets/CONV-SAMPLE_G5_MOBILE_390_UNKNOWN_GRADE_V0.5.png,planning/inputs/pages/conversion/request-sample/04_planning/visual-designs/assets/CONV-SAMPLE_G5_MOBILE_390_UNKNOWN_GRADE_V0.5.png,94b24051553366345a694e632cbeed15ea8b953cd1de2051b909ff61dbd24437,final visual reference
765c66ed2b2d9d42cacab9009c7b17830cfdedf5,pages/conversion/request-sample/04_planning/visual-designs/assets/CONV-SAMPLE_G5_MOBILE_390_UNPREFILLED_BUYER_CLEAN_V0.5.png,planning/inputs/pages/conversion/request-sample/04_planning/visual-designs/assets/CONV-SAMPLE_G5_MOBILE_390_UNPREFILLED_BUYER_CLEAN_V0.5.png,f1ecf168efdb61438f0d764eaef505211889fdd088010dcb3b0885ff8b0e6a51,final visual reference
765c66ed2b2d9d42cacab9009c7b17830cfdedf5,pages/conversion/request-sample/04_planning/visual-designs/assets/CONV-SAMPLE_G5_MOBILE_390_VALIDATION_FOCUS_ERROR_V0.5.png,planning/inputs/pages/conversion/request-sample/04_planning/visual-designs/assets/CONV-SAMPLE_G5_MOBILE_390_VALIDATION_FOCUS_ERROR_V0.5.png,92592c6f21b98197351d14dc4ab4f87d493606f331e9d84606abe88cfa3be46f,final visual reference
765c66ed2b2d9d42cacab9009c7b17830cfdedf5,pages/conversion/request-sample/04_planning/visual-designs/assets/CONV-SAMPLE_G5_TABLET_768_UNPREFILLED_BUYER_CLEAN_V0.5.png,planning/inputs/pages/conversion/request-sample/04_planning/visual-designs/assets/CONV-SAMPLE_G5_TABLET_768_UNPREFILLED_BUYER_CLEAN_V0.5.png,5f620fccb5ee804780849e02d7ec30973b413a96ba39f9cafa465278e2784e01,final visual reference
765c66ed2b2d9d42cacab9009c7b17830cfdedf5,pages/conversion/thank-you/04_planning/CONV-THANK_GATE2_FULL_BUYER_CLEAN_COPY_V0.1.md,planning/inputs/pages/conversion/thank-you/04_planning/CONV-THANK_GATE2_FULL_BUYER_CLEAN_COPY_V0.1.md,f717a467fba347d539920a3ddf241a95893feca16726efba45b467da1b6d4c8e,content
765c66ed2b2d9d42cacab9009c7b17830cfdedf5,pages/conversion/thank-you/04_planning/gate4-v0.2/CONV-THANK_GATE4_EDITABLE_SOURCE_V0.2.html,planning/inputs/pages/conversion/thank-you/04_planning/gate4-v0.2/CONV-THANK_GATE4_EDITABLE_SOURCE_V0.2.html,5487a2d5bcc8528b8e01b18b10b9bc78bd67e2fa693833313f16ee0e94a7e8fd,visual
765c66ed2b2d9d42cacab9009c7b17830cfdedf5,pages/documents/04_planning/d32-gate4-v0.2/DOC-000_D32_behavior.js,planning/inputs/pages/documents/04_planning/d32-gate4-v0.2/DOC-000_D32_behavior.js,c689d037e2592ba2d743972856bc4f6ae0d76783c1eda9d01f92ac492df1674e,visual dependency
765c66ed2b2d9d42cacab9009c7b17830cfdedf5,pages/documents/04_planning/d32-gate4-v0.2/DOC-000_D32_structure.css,planning/inputs/pages/documents/04_planning/d32-gate4-v0.2/DOC-000_D32_structure.css,cffdd929cffb9446319ab3ca39426e4fc1659be993cfff76f01e4a72d0d2ce03,visual dependency
765c66ed2b2d9d42cacab9009c7b17830cfdedf5,pages/documents/04_planning/d32-gate4-v0.2/DOC-000_D32_structure.html,planning/inputs/pages/documents/04_planning/d32-gate4-v0.2/DOC-000_D32_structure.html,2fa09d30d87870645752cde4f085d5113b63c97ef333534d184416d8cb6f0723,visual
765c66ed2b2d9d42cacab9009c7b17830cfdedf5,pages/documents/certificate-of-origin/04_planning/DOC-COO_GATE2_FULL_BUYER_CLEAN_COPY_V0.2.md,planning/inputs/pages/documents/certificate-of-origin/04_planning/DOC-COO_GATE2_FULL_BUYER_CLEAN_COPY_V0.2.md,29e3e9edfce861c880425fb2c460a540d78d6298b0373cf1e7f2a2f46e26ddbb,content
765c66ed2b2d9d42cacab9009c7b17830cfdedf5,pages/documents/certificate-of-origin/04_planning/gate5-v0.1/DOC-COO_GATE5_COMPLETE_VISUAL_V0.1.html,planning/inputs/pages/documents/certificate-of-origin/04_planning/gate5-v0.1/DOC-COO_GATE5_COMPLETE_VISUAL_V0.1.html,c4f9b788619afa7d1ef6ebf8f43be0c89d1bf177ffbe68326d3399f8db028b31,visual
765c66ed2b2d9d42cacab9009c7b17830cfdedf5,pages/documents/certificate-of-origin/04_planning/gate5-v0.1/dependencies/Inter-Variable.ttf,planning/inputs/pages/documents/certificate-of-origin/04_planning/gate5-v0.1/dependencies/Inter-Variable.ttf,29160a80ff49ddcab2c97711247e08b1fab27a484a329ce8b813d820dc559031,visual dependency
765c66ed2b2d9d42cacab9009c7b17830cfdedf5,pages/documents/certificate-of-origin/04_planning/gate5-v0.1/dependencies/tio2-malaysia-primary-horizontal-v0.1.svg,planning/inputs/pages/documents/certificate-of-origin/04_planning/gate5-v0.1/dependencies/tio2-malaysia-primary-horizontal-v0.1.svg,eeed3a758e7ae1b847238d1c88e86eee7a8e67b863969af4d286747e9a72487c,visual dependency
765c66ed2b2d9d42cacab9009c7b17830cfdedf5,pages/documents/certificate-of-origin/04_planning/gate5-v0.1/dependencies/tio2-malaysia-reverse-monochrome-v0.1.svg,planning/inputs/pages/documents/certificate-of-origin/04_planning/gate5-v0.1/dependencies/tio2-malaysia-reverse-monochrome-v0.1.svg,7cfaeafa02ac8469a006c9489db2f92b15b2621e4151b04efe1b30fc734c1b5e,visual dependency
765c66ed2b2d9d42cacab9009c7b17830cfdedf5,pages/documents/certificate-of-origin/04_planning/gate5-v0.1/visual-direction.css,planning/inputs/pages/documents/certificate-of-origin/04_planning/gate5-v0.1/visual-direction.css,134474dbba6d9b4719422d95fe78012b1c3ba1f109411043d1d977028895df43,visual dependency
765c66ed2b2d9d42cacab9009c7b17830cfdedf5,pages/documents/reach/04_planning/DOC-REACH_GATE2_FULL_BUYER_CLEAN_COPY_V0.1.md,planning/inputs/pages/documents/reach/04_planning/DOC-REACH_GATE2_FULL_BUYER_CLEAN_COPY_V0.1.md,cd18ba997efe53bb5589f76d36453e62dff6be61a255d3224ab1d264624e8dce,content
765c66ed2b2d9d42cacab9009c7b17830cfdedf5,pages/documents/reach/04_planning/gate5/DOC-REACH_GATE5_FULL_VISUAL_SPECIFICATION_V0.1.md,planning/inputs/pages/documents/reach/04_planning/gate5/DOC-REACH_GATE5_FULL_VISUAL_SPECIFICATION_V0.1.md,cebfdce0d359f826bb5b35e8b37a648b6396990605fc99f375bb73b2fa21488a,visual
765c66ed2b2d9d42cacab9009c7b17830cfdedf5,pages/documents/tds-sds-coa/04_planning/DOC-TDS_GATE2_FULL_BUYER_CLEAN_COPY_V0.3.md,planning/inputs/pages/documents/tds-sds-coa/04_planning/DOC-TDS_GATE2_FULL_BUYER_CLEAN_COPY_V0.3.md,2f4b929fde72831909b187e5f87e678e59a16ac94d06c6499cabd1a67ef3f376,content
765c66ed2b2d9d42cacab9009c7b17830cfdedf5,pages/documents/tds-sds-coa/04_planning/gate5/DOC-TDS_GATE5_FULL_VISUAL_SPECIFICATION_V0.1.md,planning/inputs/pages/documents/tds-sds-coa/04_planning/gate5/DOC-TDS_GATE5_FULL_VISUAL_SPECIFICATION_V0.1.md,12e028a480798ae18946a290c99cd3428f1ba24b6823721b65859eb340776460,visual
765c66ed2b2d9d42cacab9009c7b17830cfdedf5,pages/home/04_planning/visual-designs/assets/homepage-hero-tio2-material-v0.6.png,planning/inputs/pages/home/04_planning/visual-designs/assets/homepage-hero-tio2-material-v0.6.png,7308472e4e633584fe4d7761afd7ed9ea4ea4c622576e2d7736c105f13cf50a5,visual dependency
765c66ed2b2d9d42cacab9009c7b17830cfdedf5,pages/home/04_planning/visual-designs/home-root-page-hero-v1.3/dependencies/Inter-Variable.ttf,planning/inputs/pages/home/04_planning/visual-designs/home-root-page-hero-v1.3/dependencies/Inter-Variable.ttf,29160a80ff49ddcab2c97711247e08b1fab27a484a329ce8b813d820dc559031,visual dependency
765c66ed2b2d9d42cacab9009c7b17830cfdedf5,pages/home/04_planning/visual-designs/home-root-page-hero-v1.4/homepage-root-page-hero-preview-v1.4.html,planning/inputs/pages/home/04_planning/visual-designs/home-root-page-hero-v1.4/homepage-root-page-hero-preview-v1.4.html,1abe07bcd941a05295a26194ca7ce3ea81f5dec2074f717bcef58ef62d891de6,visual
765c66ed2b2d9d42cacab9009c7b17830cfdedf5,pages/legal-privacy/04_planning/LEGAL-COOKIE-EN_GATE2_FULL_COPY_V0.2.md,planning/inputs/pages/legal-privacy/04_planning/LEGAL-COOKIE-EN_GATE2_FULL_COPY_V0.2.md,f1c54257c5d682ed2a9daa458a52119cefb752cd35662f6243644f2a9e70df46,content
765c66ed2b2d9d42cacab9009c7b17830cfdedf5,pages/legal-privacy/04_planning/LEGAL-PRIV-EN_GATE2_FULL_COPY_V0.2.md,planning/inputs/pages/legal-privacy/04_planning/LEGAL-PRIV-EN_GATE2_FULL_COPY_V0.2.md,896a4cbcee2cf5a9b19c9b65b62b7c247668a3c5c84da17e0e61cb0b8e556a37,content
765c66ed2b2d9d42cacab9009c7b17830cfdedf5,pages/legal-privacy/04_planning/LEGAL-PRIV-MS_GATE2_FULL_COPY_V0.2.md,planning/inputs/pages/legal-privacy/04_planning/LEGAL-PRIV-MS_GATE2_FULL_COPY_V0.2.md,00fb18d246d7ffea787cdb9be06ef3b74d547607d62f4e846efbf2dd0e4fb594,content
765c66ed2b2d9d42cacab9009c7b17830cfdedf5,pages/legal-privacy/04_planning/LEGAL_PRIVACY_GATE5_FULL_VISUAL_SPEC_V0.1.md,planning/inputs/pages/legal-privacy/04_planning/LEGAL_PRIVACY_GATE5_FULL_VISUAL_SPEC_V0.1.md,f4a4fc37e05ce924736af82499da2d3b6371ca1c74da4083bcbb2628e3867377,visual
765c66ed2b2d9d42cacab9009c7b17830cfdedf5,pages/markets/01_research/MARKET-UK-001_GATE1_RESEARCH_AND_EVIDENCE_V0.4.md,planning/inputs/pages/markets/01_research/MARKET-UK-001_GATE1_RESEARCH_AND_EVIDENCE_V0.4.md,7f212755b074e706a6302b42db2afdaa566b5fc14d028a55a3849d748674b398,page research
765c66ed2b2d9d42cacab9009c7b17830cfdedf5,pages/markets/04_planning/MARKET-EU-001_GATE2_FULL_COPY_V0.2.md,planning/inputs/pages/markets/04_planning/MARKET-EU-001_GATE2_FULL_COPY_V0.2.md,55fc71331bbc4eee61cde7cbb333f6079c7c5c3f2255b593f1f1689a1513ff8f,content
765c66ed2b2d9d42cacab9009c7b17830cfdedf5,pages/markets/04_planning/MARKET-UK-001_GATE2_CONTENT_ARCHITECTURE_V0.4.md,planning/inputs/pages/markets/04_planning/MARKET-UK-001_GATE2_CONTENT_ARCHITECTURE_V0.4.md,99f2eaecbd84e0c734a4ca0e40b2e12fd9b93d756784f19a21a2334b0fe4eb35,content
765c66ed2b2d9d42cacab9009c7b17830cfdedf5,pages/markets/04_planning/d32-gate3-v0.1/planning.css,planning/inputs/pages/markets/04_planning/d32-gate3-v0.1/planning.css,a3991aa5c42e38adf94c9d4b4bdfe73e83bdffccbfbfeae14f57af50c6fdbca4,visual dependency
765c66ed2b2d9d42cacab9009c7b17830cfdedf5,pages/markets/04_planning/d32-gate3-v0.1/planning.js,planning/inputs/pages/markets/04_planning/d32-gate3-v0.1/planning.js,44118a9b1c9658cae588df59c6b25f5db1e705eb2ddc701becd1cb4f722a59e5,visual dependency
765c66ed2b2d9d42cacab9009c7b17830cfdedf5,pages/markets/04_planning/d32-gate4-v0.1/visual.css,planning/inputs/pages/markets/04_planning/d32-gate4-v0.1/visual.css,bb281ffdd05dbb0a0fea4eeacb2d8d0e239971e3318cef503b4ba7e9e44f81cf,visual dependency
765c66ed2b2d9d42cacab9009c7b17830cfdedf5,pages/markets/04_planning/d32-gate4-v0.2/root-narrow-projection.css,planning/inputs/pages/markets/04_planning/d32-gate4-v0.2/root-narrow-projection.css,d8c5f3fbda82435fff892d420dce1a4cf0b953ec329cd4f247c3b2401be502c4,visual dependency
765c66ed2b2d9d42cacab9009c7b17830cfdedf5,pages/markets/04_planning/d32-gate4-v0.3/localized-relation.css,planning/inputs/pages/markets/04_planning/d32-gate4-v0.3/localized-relation.css,2d4fcfa9c89c68864a620b242072e432ff14be04970ec18ff30e081f07ceeae2,visual dependency
765c66ed2b2d9d42cacab9009c7b17830cfdedf5,pages/markets/04_planning/d32-gate4-v0.3/market-visual.html,planning/inputs/pages/markets/04_planning/d32-gate4-v0.3/market-visual.html,60707bd8bdf34e05e2fb7ec6a1a76ebcbf084d4aeacf50ddb57a25d9f302616c,visual
765c66ed2b2d9d42cacab9009c7b17830cfdedf5,pages/markets/04_planning/d32-gate4-v0.3/relationship-projection.js,planning/inputs/pages/markets/04_planning/d32-gate4-v0.3/relationship-projection.js,99c27f06c4fc3d5796c3e112438553e3257d2eb75f5216a230706a485477e569,visual dependency
765c66ed2b2d9d42cacab9009c7b17830cfdedf5,pages/markets/04_planning/visual-designs/MARKET-EU-001_GATE5_FULL_VISUAL_SPEC_V0.1.md,planning/inputs/pages/markets/04_planning/visual-designs/MARKET-EU-001_GATE5_FULL_VISUAL_SPEC_V0.1.md,aa6471a98bbdaac8831cf52e372cfd79e5b241c83679c1c63c4c1fd213a9c925,visual
765c66ed2b2d9d42cacab9009c7b17830cfdedf5,pages/markets/04_planning/visual-designs/MARKET-UK-001_GATE5_FULL_VISUAL_SPEC_V0.1.md,planning/inputs/pages/markets/04_planning/visual-designs/MARKET-UK-001_GATE5_FULL_VISUAL_SPEC_V0.1.md,d71e77e400ad61d725bde9bcf334feddee490a34aa05c6bffdfa0afe0d58810b,visual
765c66ed2b2d9d42cacab9009c7b17830cfdedf5,pages/markets/04_planning/visual-designs/market-eu-001/v0.1/MARKET-EU-001_GATE5_DOCUMENTS_FOCUS_DESKTOP_1440_V0.1.png,planning/inputs/pages/markets/04_planning/visual-designs/market-eu-001/v0.1/MARKET-EU-001_GATE5_DOCUMENTS_FOCUS_DESKTOP_1440_V0.1.png,2c5ef4391e14c2a37f38a9eef06adb90554fa17bf0995933239c4f4fa45b12a0,final visual reference
765c66ed2b2d9d42cacab9009c7b17830cfdedf5,pages/markets/04_planning/visual-designs/market-eu-001/v0.1/MARKET-EU-001_GATE5_FAQ_ALL_COLLAPSED_MOBILE_390_V0.1.png,planning/inputs/pages/markets/04_planning/visual-designs/market-eu-001/v0.1/MARKET-EU-001_GATE5_FAQ_ALL_COLLAPSED_MOBILE_390_V0.1.png,6d25c526398b115b33f8222dcf18ba20c667c8ce66d74db6c5010a7e49867bd8,final visual reference
765c66ed2b2d9d42cacab9009c7b17830cfdedf5,pages/markets/04_planning/visual-designs/market-eu-001/v0.1/MARKET-EU-001_GATE5_FAQ_ALL_EXPANDED_DESKTOP_1440_V0.1.png,planning/inputs/pages/markets/04_planning/visual-designs/market-eu-001/v0.1/MARKET-EU-001_GATE5_FAQ_ALL_EXPANDED_DESKTOP_1440_V0.1.png,501b15feca3b0823161402926d029bdd53ec77b60a7ddd5713ad48ef81c0085f,final visual reference
765c66ed2b2d9d42cacab9009c7b17830cfdedf5,pages/markets/04_planning/visual-designs/market-eu-001/v0.1/MARKET-EU-001_GATE5_FULL_DESKTOP_1440_V0.1.png,planning/inputs/pages/markets/04_planning/visual-designs/market-eu-001/v0.1/MARKET-EU-001_GATE5_FULL_DESKTOP_1440_V0.1.png,c70de827b7d35329417897f28391fe27f3ed1ed152dfa28ab402410d7f82840a,final visual reference
765c66ed2b2d9d42cacab9009c7b17830cfdedf5,pages/markets/04_planning/visual-designs/market-eu-001/v0.1/MARKET-EU-001_GATE5_FULL_MOBILE_390_V0.1.png,planning/inputs/pages/markets/04_planning/visual-designs/market-eu-001/v0.1/MARKET-EU-001_GATE5_FULL_MOBILE_390_V0.1.png,64a292d13cfd5cf0a103252210d3a6a29a0f83e27de057476b2793591123118e,final visual reference
765c66ed2b2d9d42cacab9009c7b17830cfdedf5,pages/markets/04_planning/visual-designs/market-eu-001/v0.1/MARKET-EU-001_GATE5_MOBILE_MENU_OPEN_FOCUS_390_V0.1.png,planning/inputs/pages/markets/04_planning/visual-designs/market-eu-001/v0.1/MARKET-EU-001_GATE5_MOBILE_MENU_OPEN_FOCUS_390_V0.1.png,d7b31541d039cf8c54c3dbfc4989e8e7de44551a775ee7ec7f8fd36b5ca5b0a1,final visual reference
765c66ed2b2d9d42cacab9009c7b17830cfdedf5,pages/markets/04_planning/visual-designs/market-uk-001/v0.1/MARKET-UK-001_GATE5_DOCUMENTS_FOCUS_DESKTOP_1440_V0.1.png,planning/inputs/pages/markets/04_planning/visual-designs/market-uk-001/v0.1/MARKET-UK-001_GATE5_DOCUMENTS_FOCUS_DESKTOP_1440_V0.1.png,96b3301ef310a49d6cc84641909eb69881b9ef8892a4da804b8e7d25d33740be,final visual reference
765c66ed2b2d9d42cacab9009c7b17830cfdedf5,pages/markets/04_planning/visual-designs/market-uk-001/v0.1/MARKET-UK-001_GATE5_FAQ_ALL_COLLAPSED_MOBILE_390_V0.1.png,planning/inputs/pages/markets/04_planning/visual-designs/market-uk-001/v0.1/MARKET-UK-001_GATE5_FAQ_ALL_COLLAPSED_MOBILE_390_V0.1.png,a837e237747e464a4c6d912e0b91fa75c8a6bb590f6369fba48d9bd69d00d13d,final visual reference
765c66ed2b2d9d42cacab9009c7b17830cfdedf5,pages/markets/04_planning/visual-designs/market-uk-001/v0.1/MARKET-UK-001_GATE5_FAQ_ALL_EXPANDED_DESKTOP_1440_V0.1.png,planning/inputs/pages/markets/04_planning/visual-designs/market-uk-001/v0.1/MARKET-UK-001_GATE5_FAQ_ALL_EXPANDED_DESKTOP_1440_V0.1.png,68e20e6bc34028c6fd35a2065c041f41c0538048406da30a9e9f256654f080c0,final visual reference
765c66ed2b2d9d42cacab9009c7b17830cfdedf5,pages/markets/04_planning/visual-designs/market-uk-001/v0.1/MARKET-UK-001_GATE5_FULL_DESKTOP_1440_V0.1.png,planning/inputs/pages/markets/04_planning/visual-designs/market-uk-001/v0.1/MARKET-UK-001_GATE5_FULL_DESKTOP_1440_V0.1.png,5197c6b2b997ebaae75c2617fc9d0339a3de4b949a7dbe52745d7107304ed41b,final visual reference
765c66ed2b2d9d42cacab9009c7b17830cfdedf5,pages/markets/04_planning/visual-designs/market-uk-001/v0.1/MARKET-UK-001_GATE5_FULL_MOBILE_390_V0.1.png,planning/inputs/pages/markets/04_planning/visual-designs/market-uk-001/v0.1/MARKET-UK-001_GATE5_FULL_MOBILE_390_V0.1.png,122d28a26e63d7034c9c2e330696ee6429f6e28e64bfab0581ce715c16479a56,final visual reference
765c66ed2b2d9d42cacab9009c7b17830cfdedf5,pages/markets/04_planning/visual-designs/market-uk-001/v0.1/MARKET-UK-001_GATE5_MOBILE_MENU_OPEN_FOCUS_390_V0.1.png,planning/inputs/pages/markets/04_planning/visual-designs/market-uk-001/v0.1/MARKET-UK-001_GATE5_MOBILE_MENU_OPEN_FOCUS_390_V0.1.png,57ccc0a11bad4bc16e15ff929dbdb599bdef45dff05e5d6b2eeabde32653886b,final visual reference
765c66ed2b2d9d42cacab9009c7b17830cfdedf5,pages/markets/belgium/04_planning/MARKET-EU-BE_GATE2_FULL_BUYER_CLEAN_COPY_V0.2.md,planning/inputs/pages/markets/belgium/04_planning/MARKET-EU-BE_GATE2_FULL_BUYER_CLEAN_COPY_V0.2.md,8c4faeb2815fd284a780ea03a082cb3ffd1fcb4cbee45dbb937be4b39b112c5f,content
765c66ed2b2d9d42cacab9009c7b17830cfdedf5,pages/markets/belgium/04_planning/gate4-v1.1/MARKET-EU-BE_GATE4_COMPLETE_VISUAL_V1.1.html,planning/inputs/pages/markets/belgium/04_planning/gate4-v1.1/MARKET-EU-BE_GATE4_COMPLETE_VISUAL_V1.1.html,9e58374966ad2f13de0074ecfbf24f4c69644e55d340c070d7aa9b82debc9aa3,visual
765c66ed2b2d9d42cacab9009c7b17830cfdedf5,pages/markets/belgium/04_planning/gate4-v1.1/dependencies/Inter-Variable.ttf,planning/inputs/pages/markets/belgium/04_planning/gate4-v1.1/dependencies/Inter-Variable.ttf,29160a80ff49ddcab2c97711247e08b1fab27a484a329ce8b813d820dc559031,visual dependency
765c66ed2b2d9d42cacab9009c7b17830cfdedf5,pages/markets/brazil/04_planning/MARKET-BR-EN_GATE2_FULL_BUYER_CLEAN_COPY_V0.2.md,planning/inputs/pages/markets/brazil/04_planning/MARKET-BR-EN_GATE2_FULL_BUYER_CLEAN_COPY_V0.2.md,28f505fbd2cb5e77ea8be0b6a12b03a94c68d057e97b7db431aaa1635765a216,content
765c66ed2b2d9d42cacab9009c7b17830cfdedf5,pages/markets/brazil/04_planning/MARKET-BR-PT_GATE2_FULL_BUYER_CLEAN_COPY_V0.2.md,planning/inputs/pages/markets/brazil/04_planning/MARKET-BR-PT_GATE2_FULL_BUYER_CLEAN_COPY_V0.2.md,895054795f03b2587e8a49ab143cfb59c316ceef9df4d3a40269b8cb8bbed2cb,content
765c66ed2b2d9d42cacab9009c7b17830cfdedf5,pages/markets/brazil/04_planning/gate3-en-v0.1/dependencies/Inter-Variable.ttf,planning/inputs/pages/markets/brazil/04_planning/gate3-en-v0.1/dependencies/Inter-Variable.ttf,29160a80ff49ddcab2c97711247e08b1fab27a484a329ce8b813d820dc559031,visual dependency
765c66ed2b2d9d42cacab9009c7b17830cfdedf5,pages/markets/brazil/04_planning/gate4-en-v1.1/MARKET-BR-EN_GATE4_COMPLETE_VISUAL_V1.1.html,planning/inputs/pages/markets/brazil/04_planning/gate4-en-v1.1/MARKET-BR-EN_GATE4_COMPLETE_VISUAL_V1.1.html,6827066a38c28b5e3fe990e0d53b8582ca215a1d5b481ffeacf18c74e3ac7707,visual
765c66ed2b2d9d42cacab9009c7b17830cfdedf5,pages/markets/brazil/04_planning/gate4-pt-v1.1/MARKET-BR-PT_GATE4_COMPLETE_VISUAL_V1.1.html,planning/inputs/pages/markets/brazil/04_planning/gate4-pt-v1.1/MARKET-BR-PT_GATE4_COMPLETE_VISUAL_V1.1.html,1159f03eb5018f73ba497cca77ed4d9903c10d2bb3a6c2612c51da89757a0357,visual
765c66ed2b2d9d42cacab9009c7b17830cfdedf5,pages/markets/brazil/04_planning/gate4-pt-v1.1/dependencies/Inter-Variable.ttf,planning/inputs/pages/markets/brazil/04_planning/gate4-pt-v1.1/dependencies/Inter-Variable.ttf,29160a80ff49ddcab2c97711247e08b1fab27a484a329ce8b813d820dc559031,visual dependency
765c66ed2b2d9d42cacab9009c7b17830cfdedf5,pages/markets/brazil/04_planning/gate4-pt-v1.1/dependencies/tio2-malaysia-primary-horizontal-v0.1.svg,planning/inputs/pages/markets/brazil/04_planning/gate4-pt-v1.1/dependencies/tio2-malaysia-primary-horizontal-v0.1.svg,eeed3a758e7ae1b847238d1c88e86eee7a8e67b863969af4d286747e9a72487c,visual dependency
765c66ed2b2d9d42cacab9009c7b17830cfdedf5,pages/markets/brazil/04_planning/gate4-pt-v1.1/dependencies/tio2-malaysia-reverse-monochrome-v0.1.svg,planning/inputs/pages/markets/brazil/04_planning/gate4-pt-v1.1/dependencies/tio2-malaysia-reverse-monochrome-v0.1.svg,7cfaeafa02ac8469a006c9489db2f92b15b2621e4151b04efe1b30fc734c1b5e,visual dependency
765c66ed2b2d9d42cacab9009c7b17830cfdedf5,pages/markets/germany/04_planning/MARKET-EU-DE_GATE2_FULL_BUYER_CLEAN_COPY_V0.2.md,planning/inputs/pages/markets/germany/04_planning/MARKET-EU-DE_GATE2_FULL_BUYER_CLEAN_COPY_V0.2.md,f95f338b4b966d48e0a10c0ad81b6fd7ffd21e552cee780bc9597d2e67b6c4d8,content
765c66ed2b2d9d42cacab9009c7b17830cfdedf5,pages/markets/germany/04_planning/gate4-v0.1/MARKET-EU-DE_GATE4_COMPLETE_VISUAL_V0.1.html,planning/inputs/pages/markets/germany/04_planning/gate4-v0.1/MARKET-EU-DE_GATE4_COMPLETE_VISUAL_V0.1.html,9f729196ea8135b7daa9aa83cc8e43768eafa27a35792605de67d125e0eccdbc,visual
765c66ed2b2d9d42cacab9009c7b17830cfdedf5,pages/markets/germany/04_planning/gate4-v0.1/dependencies/Inter-Variable.ttf,planning/inputs/pages/markets/germany/04_planning/gate4-v0.1/dependencies/Inter-Variable.ttf,29160a80ff49ddcab2c97711247e08b1fab27a484a329ce8b813d820dc559031,visual dependency
765c66ed2b2d9d42cacab9009c7b17830cfdedf5,pages/markets/germany/04_planning/gate4-v0.1/dependencies/tio2-malaysia-primary-horizontal-v0.1.svg,planning/inputs/pages/markets/germany/04_planning/gate4-v0.1/dependencies/tio2-malaysia-primary-horizontal-v0.1.svg,eeed3a758e7ae1b847238d1c88e86eee7a8e67b863969af4d286747e9a72487c,visual dependency
765c66ed2b2d9d42cacab9009c7b17830cfdedf5,pages/markets/germany/04_planning/gate4-v0.1/dependencies/tio2-malaysia-reverse-monochrome-v0.1.svg,planning/inputs/pages/markets/germany/04_planning/gate4-v0.1/dependencies/tio2-malaysia-reverse-monochrome-v0.1.svg,7cfaeafa02ac8469a006c9489db2f92b15b2621e4151b04efe1b30fc734c1b5e,visual dependency
765c66ed2b2d9d42cacab9009c7b17830cfdedf5,pages/markets/germany/04_planning/gate4-v0.1/visual-direction.css,planning/inputs/pages/markets/germany/04_planning/gate4-v0.1/visual-direction.css,d5723d30d33b265beb60d8afe5394621eb5c1ada23d2a89f56ad0d4d7f21b10d,visual dependency
765c66ed2b2d9d42cacab9009c7b17830cfdedf5,pages/markets/india/04_planning/MARKET-IN-001_GATE2_FULL_BUYER_CLEAN_COPY_V0.1.md,planning/inputs/pages/markets/india/04_planning/MARKET-IN-001_GATE2_FULL_BUYER_CLEAN_COPY_V0.1.md,67b1c21fc2e209b4e40f28ccd3f7794eb9a33fcd84c3305a16438ec4de74ceb0,content
765c66ed2b2d9d42cacab9009c7b17830cfdedf5,pages/markets/india/04_planning/gate4-v1.1/MARKET-IN-001_GATE4_COMPLETE_VISUAL_V1.1.html,planning/inputs/pages/markets/india/04_planning/gate4-v1.1/MARKET-IN-001_GATE4_COMPLETE_VISUAL_V1.1.html,fbad54492a465484a7a4eac05e5a402a8d399722b79d814b369d70a9c6032efe,visual
765c66ed2b2d9d42cacab9009c7b17830cfdedf5,pages/markets/india/04_planning/gate4-v1.1/dependencies/Inter-Variable.ttf,planning/inputs/pages/markets/india/04_planning/gate4-v1.1/dependencies/Inter-Variable.ttf,29160a80ff49ddcab2c97711247e08b1fab27a484a329ce8b813d820dc559031,visual dependency
765c66ed2b2d9d42cacab9009c7b17830cfdedf5,pages/markets/india/04_planning/gate4-v1.1/dependencies/tio2-malaysia-primary-horizontal-v0.1.svg,planning/inputs/pages/markets/india/04_planning/gate4-v1.1/dependencies/tio2-malaysia-primary-horizontal-v0.1.svg,eeed3a758e7ae1b847238d1c88e86eee7a8e67b863969af4d286747e9a72487c,visual dependency
765c66ed2b2d9d42cacab9009c7b17830cfdedf5,pages/markets/india/04_planning/gate4-v1.1/dependencies/tio2-malaysia-reverse-monochrome-v0.1.svg,planning/inputs/pages/markets/india/04_planning/gate4-v1.1/dependencies/tio2-malaysia-reverse-monochrome-v0.1.svg,7cfaeafa02ac8469a006c9489db2f92b15b2621e4151b04efe1b30fc734c1b5e,visual dependency
765c66ed2b2d9d42cacab9009c7b17830cfdedf5,pages/markets/italy/04_planning/MARKET-EU-IT_GATE2_FULL_BUYER_CLEAN_COPY_V0.2.md,planning/inputs/pages/markets/italy/04_planning/MARKET-EU-IT_GATE2_FULL_BUYER_CLEAN_COPY_V0.2.md,a7d047af04b5127cc54f97938e4d622b1e1b496691747516322924f6e0b44208,content
765c66ed2b2d9d42cacab9009c7b17830cfdedf5,pages/markets/italy/04_planning/gate4-v0.1/MARKET-EU-IT_GATE4_COMPLETE_VISUAL_V0.1.html,planning/inputs/pages/markets/italy/04_planning/gate4-v0.1/MARKET-EU-IT_GATE4_COMPLETE_VISUAL_V0.1.html,ed7d54648e058fee6ee4d6ff7ca76d3fe3f440eda0e5d0d7b8871b6da0f15615,visual
765c66ed2b2d9d42cacab9009c7b17830cfdedf5,pages/markets/italy/04_planning/gate4-v0.1/dependencies/Inter-Variable.ttf,planning/inputs/pages/markets/italy/04_planning/gate4-v0.1/dependencies/Inter-Variable.ttf,29160a80ff49ddcab2c97711247e08b1fab27a484a329ce8b813d820dc559031,visual dependency
765c66ed2b2d9d42cacab9009c7b17830cfdedf5,pages/markets/netherlands/04_planning/MARKET-EU-NL_GATE2_FULL_BUYER_CLEAN_COPY_V0.2.md,planning/inputs/pages/markets/netherlands/04_planning/MARKET-EU-NL_GATE2_FULL_BUYER_CLEAN_COPY_V0.2.md,05945e5609fb12ffb04e791d4f4e2c2778b25158bb81f57d05e6d518503bff72,content
765c66ed2b2d9d42cacab9009c7b17830cfdedf5,pages/markets/netherlands/04_planning/gate4-v0.2/MARKET-EU-NL_GATE4_VISUAL_SAMPLES_V0.2.html,planning/inputs/pages/markets/netherlands/04_planning/gate4-v0.2/MARKET-EU-NL_GATE4_VISUAL_SAMPLES_V0.2.html,9ffe164adbf63246a36601990d1841dbb6af24fb177fbf559dbdc616a1396be3,visual
765c66ed2b2d9d42cacab9009c7b17830cfdedf5,pages/markets/netherlands/04_planning/gate4-v0.2/dependencies/Inter-Variable.ttf,planning/inputs/pages/markets/netherlands/04_planning/gate4-v0.2/dependencies/Inter-Variable.ttf,29160a80ff49ddcab2c97711247e08b1fab27a484a329ce8b813d820dc559031,visual dependency
765c66ed2b2d9d42cacab9009c7b17830cfdedf5,pages/markets/netherlands/04_planning/gate4-v0.2/dependencies/tio2-malaysia-primary-horizontal-v0.1.svg,planning/inputs/pages/markets/netherlands/04_planning/gate4-v0.2/dependencies/tio2-malaysia-primary-horizontal-v0.1.svg,eeed3a758e7ae1b847238d1c88e86eee7a8e67b863969af4d286747e9a72487c,visual dependency
765c66ed2b2d9d42cacab9009c7b17830cfdedf5,pages/markets/netherlands/04_planning/gate4-v0.2/dependencies/tio2-malaysia-reverse-monochrome-v0.1.svg,planning/inputs/pages/markets/netherlands/04_planning/gate4-v0.2/dependencies/tio2-malaysia-reverse-monochrome-v0.1.svg,7cfaeafa02ac8469a006c9489db2f92b15b2621e4151b04efe1b30fc734c1b5e,visual dependency
765c66ed2b2d9d42cacab9009c7b17830cfdedf5,pages/markets/netherlands/04_planning/gate4-v0.2/visual-direction.css,planning/inputs/pages/markets/netherlands/04_planning/gate4-v0.2/visual-direction.css,7bc0c880ad3dc5ceabeea9b78f3e92f0ac1740bc6ff1aa067bd8b54554ffd847,visual dependency
765c66ed2b2d9d42cacab9009c7b17830cfdedf5,pages/markets/poland/04_planning/MARKET-EU-PL_GATE2_FULL_BUYER_CLEAN_COPY_V0.2.md,planning/inputs/pages/markets/poland/04_planning/MARKET-EU-PL_GATE2_FULL_BUYER_CLEAN_COPY_V0.2.md,ef55a67fa56ecf7fc84072bc1b8f8cf3b62846a0f53b4b7dbe504887a36e15aa,content
765c66ed2b2d9d42cacab9009c7b17830cfdedf5,pages/markets/poland/04_planning/gate5-v0.1/source/MARKET-EU-PL_GATE5_FULL_VISUAL_V0.1.html,planning/inputs/pages/markets/poland/04_planning/gate5-v0.1/source/MARKET-EU-PL_GATE5_FULL_VISUAL_V0.1.html,d470aea165d457d5a7a264c10606f5d77446903abc88f923d7a4b759405a5944,visual
765c66ed2b2d9d42cacab9009c7b17830cfdedf5,pages/markets/poland/04_planning/gate5-v0.1/source/dependencies/Inter-Variable.ttf,planning/inputs/pages/markets/poland/04_planning/gate5-v0.1/source/dependencies/Inter-Variable.ttf,29160a80ff49ddcab2c97711247e08b1fab27a484a329ce8b813d820dc559031,visual dependency
765c66ed2b2d9d42cacab9009c7b17830cfdedf5,pages/markets/poland/04_planning/gate5-v0.1/source/dependencies/shared-chrome-style.snapshot.css,planning/inputs/pages/markets/poland/04_planning/gate5-v0.1/source/dependencies/shared-chrome-style.snapshot.css,a5cd8700c8c7cf00aae3ba1c9567c221f98f9091485d2938a7ea366f32236d9b,visual dependency
765c66ed2b2d9d42cacab9009c7b17830cfdedf5,pages/markets/poland/04_planning/gate5-v0.1/source/visual-rules.css,planning/inputs/pages/markets/poland/04_planning/gate5-v0.1/source/visual-rules.css,8d1299c9072b0413f242d4568cc62ed99cb6865a0938a7320c6f7ee5b4400785,visual dependency
765c66ed2b2d9d42cacab9009c7b17830cfdedf5,pages/markets/spain/04_planning/MARKET-EU-ES_GATE2_FULL_BUYER_CLEAN_COPY_V0.2.md,planning/inputs/pages/markets/spain/04_planning/MARKET-EU-ES_GATE2_FULL_BUYER_CLEAN_COPY_V0.2.md,6cf3a3c91e24c4f36c189dcd37feb4d4487944f05513c8916ce61068db9738ed,content
765c66ed2b2d9d42cacab9009c7b17830cfdedf5,pages/markets/spain/04_planning/gate5-v0.1/MARKET-EU-ES_GATE5_COMPLETE_VISUAL_V0.1.html,planning/inputs/pages/markets/spain/04_planning/gate5-v0.1/MARKET-EU-ES_GATE5_COMPLETE_VISUAL_V0.1.html,26bbf086fddcacdb1b420ff65d5ed7a5ff3fb2699da1b358c33956d5519381ff,visual
765c66ed2b2d9d42cacab9009c7b17830cfdedf5,pages/markets/spain/04_planning/gate5-v0.1/dependencies/Inter-Variable.ttf,planning/inputs/pages/markets/spain/04_planning/gate5-v0.1/dependencies/Inter-Variable.ttf,29160a80ff49ddcab2c97711247e08b1fab27a484a329ce8b813d820dc559031,visual dependency
765c66ed2b2d9d42cacab9009c7b17830cfdedf5,pages/markets/spain/04_planning/gate5-v0.1/dependencies/tio2-malaysia-primary-horizontal-v0.1.svg,planning/inputs/pages/markets/spain/04_planning/gate5-v0.1/dependencies/tio2-malaysia-primary-horizontal-v0.1.svg,eeed3a758e7ae1b847238d1c88e86eee7a8e67b863969af4d286747e9a72487c,visual dependency
765c66ed2b2d9d42cacab9009c7b17830cfdedf5,pages/markets/spain/04_planning/gate5-v0.1/dependencies/tio2-malaysia-reverse-monochrome-v0.1.svg,planning/inputs/pages/markets/spain/04_planning/gate5-v0.1/dependencies/tio2-malaysia-reverse-monochrome-v0.1.svg,7cfaeafa02ac8469a006c9489db2f92b15b2621e4151b04efe1b30fc734c1b5e,visual dependency
765c66ed2b2d9d42cacab9009c7b17830cfdedf5,pages/markets/spain/04_planning/gate5-v0.1/visual-direction.css,planning/inputs/pages/markets/spain/04_planning/gate5-v0.1/visual-direction.css,5d09b11e4386ab6245106ea6c9d44c06743dbc15a93e6d3553fa57c1ce4877f2,visual dependency
765c66ed2b2d9d42cacab9009c7b17830cfdedf5,pages/products/01_research/PRODUCT_GRADE_APPLICATION_PROCESS_UNIFIED_AUDIT_V0.3.md,planning/inputs/pages/products/01_research/PRODUCT_GRADE_APPLICATION_PROCESS_UNIFIED_AUDIT_V0.3.md,338f2d4f2083e2e56b00637a4771982d08bfa15c1283022d6a28d506f0dededb,global facts/design
765c66ed2b2d9d42cacab9009c7b17830cfdedf5,pages/products/04_planning/d32-gate4-v0.1/product-visual.html,planning/inputs/pages/products/04_planning/d32-gate4-v0.1/product-visual.html,bde34207290f7e6ed9064587af76bc6492df02f55b3b84c6b7991bfe68f4d235,visual
765c66ed2b2d9d42cacab9009c7b17830cfdedf5,pages/products/chloride-process/04_planning/PRODUCT-PROC-CL_GATE2_FULL_BUYER_CLEAN_COPY_V0.2.md,planning/inputs/pages/products/chloride-process/04_planning/PRODUCT-PROC-CL_GATE2_FULL_BUYER_CLEAN_COPY_V0.2.md,b4314b4b80f3c047fbb2481246a93894eda4ee572329f8b1f606b85bc5853a0d,content
765c66ed2b2d9d42cacab9009c7b17830cfdedf5,pages/products/chloride-process/04_planning/gate5-v0.1/source/assets/Inter-Variable.ttf,planning/inputs/pages/products/chloride-process/04_planning/gate5-v0.1/source/assets/Inter-Variable.ttf,29160a80ff49ddcab2c97711247e08b1fab27a484a329ce8b813d820dc559031,visual dependency
765c66ed2b2d9d42cacab9009c7b17830cfdedf5,pages/products/chloride-process/04_planning/gate5-v0.1/source/assets/shared-chrome-style.snapshot.css,planning/inputs/pages/products/chloride-process/04_planning/gate5-v0.1/source/assets/shared-chrome-style.snapshot.css,a5cd8700c8c7cf00aae3ba1c9567c221f98f9091485d2938a7ea366f32236d9b,visual dependency
765c66ed2b2d9d42cacab9009c7b17830cfdedf5,pages/products/chloride-process/04_planning/gate5-v0.1/source/assets/tio2-malaysia-primary-horizontal-v0.1.svg,planning/inputs/pages/products/chloride-process/04_planning/gate5-v0.1/source/assets/tio2-malaysia-primary-horizontal-v0.1.svg,eeed3a758e7ae1b847238d1c88e86eee7a8e67b863969af4d286747e9a72487c,visual dependency
765c66ed2b2d9d42cacab9009c7b17830cfdedf5,pages/products/chloride-process/04_planning/gate5-v0.1/source/assets/tio2-malaysia-reverse-monochrome-v0.1.svg,planning/inputs/pages/products/chloride-process/04_planning/gate5-v0.1/source/assets/tio2-malaysia-reverse-monochrome-v0.1.svg,7cfaeafa02ac8469a006c9489db2f92b15b2621e4151b04efe1b30fc734c1b5e,visual dependency
765c66ed2b2d9d42cacab9009c7b17830cfdedf5,pages/products/chloride-process/04_planning/gate5-v0.1/source/index.html,planning/inputs/pages/products/chloride-process/04_planning/gate5-v0.1/source/index.html,ac4300f4c4301ef570428bef9e6bded5724f51263499c530fe84a935778aca8d,visual
765c66ed2b2d9d42cacab9009c7b17830cfdedf5,pages/products/chloride-process/04_planning/gate5-v0.1/source/visual-rules.css,planning/inputs/pages/products/chloride-process/04_planning/gate5-v0.1/source/visual-rules.css,5433479a0e21a3365b87e12ab695c8813e7e398fa79d6ee2e77daf5af14d7485,visual dependency
765c66ed2b2d9d42cacab9009c7b17830cfdedf5,pages/products/detail-template/04_planning/GRADE-M350_GATE2_FULL_COPY_V0.1.md,planning/inputs/pages/products/detail-template/04_planning/GRADE-M350_GATE2_FULL_COPY_V0.1.md,85a4c0183a382f2f8cbfc57d7f59d7df515111c22f811d97ae195d64c4a6957a,copy
765c66ed2b2d9d42cacab9009c7b17830cfdedf5,pages/products/detail-template/04_planning/m350-d32-gate4-v0.2/m350-visual.html,planning/inputs/pages/products/detail-template/04_planning/m350-d32-gate4-v0.2/m350-visual.html,aab959a66fd8790c04d1754ee746d5c1e2f9177a52cfa59c0b9ee68e40e44f32,visual
765c66ed2b2d9d42cacab9009c7b17830cfdedf5,pages/products/detail-template/04_planning/visual-designs/M350_PRODUCT_DETAIL_DESKTOP_V0.5.png,planning/inputs/pages/products/detail-template/04_planning/visual-designs/M350_PRODUCT_DETAIL_DESKTOP_V0.5.png,72b56e251d8c22c031b4e294a4e10a2e86d52284d12b8525ee00e0861581818d,M350 approved reference
765c66ed2b2d9d42cacab9009c7b17830cfdedf5,pages/products/detail-template/04_planning/visual-designs/M350_PRODUCT_DETAIL_MOBILE_390_V0.5.png,planning/inputs/pages/products/detail-template/04_planning/visual-designs/M350_PRODUCT_DETAIL_MOBILE_390_V0.5.png,1a6e6cba3d93c814aca6b5ad094d840e16265fe8279c25cc178e92e66e4be6df,M350 approved reference
765c66ed2b2d9d42cacab9009c7b17830cfdedf5,pages/products/detail-template/06_handoff/GRADE-CR901_PRODUCT_DETAIL_CONTENT_CONTRACT_V0.1.json,planning/inputs/pages/products/detail-template/06_handoff/GRADE-CR901_PRODUCT_DETAIL_CONTENT_CONTRACT_V0.1.json,4bdb27e2f4bc9cbc0f1a21c9b2fcaf54553431e1de614355f8263c7489050522,content
765c66ed2b2d9d42cacab9009c7b17830cfdedf5,pages/products/detail-template/06_handoff/GRADE-M108_PRODUCT_DETAIL_CONTENT_CONTRACT_V0.1.json,planning/inputs/pages/products/detail-template/06_handoff/GRADE-M108_PRODUCT_DETAIL_CONTENT_CONTRACT_V0.1.json,998c57d70ac303c0f47ac3e14b0c9214f4d53bc91130044274773b7cd3260bff,content
765c66ed2b2d9d42cacab9009c7b17830cfdedf5,pages/products/detail-template/06_handoff/GRADE-M200_PRODUCT_DETAIL_CONTENT_CONTRACT_V0.2.json,planning/inputs/pages/products/detail-template/06_handoff/GRADE-M200_PRODUCT_DETAIL_CONTENT_CONTRACT_V0.2.json,a19bdc03170470eeccc46497afbbe4ffef6288db59c9c5f6163017c3df6d8320,content
765c66ed2b2d9d42cacab9009c7b17830cfdedf5,pages/products/detail-template/06_handoff/GRADE-M210_PRODUCT_DETAIL_CONTENT_CONTRACT_V0.1.json,planning/inputs/pages/products/detail-template/06_handoff/GRADE-M210_PRODUCT_DETAIL_CONTENT_CONTRACT_V0.1.json,f977d5dd3c49119966cd3c4ec5e846448bbfbd5be1f4846b82b8cd1cba6463b2,content
765c66ed2b2d9d42cacab9009c7b17830cfdedf5,pages/products/detail-template/06_handoff/GRADE-M2196_PRODUCT_DETAIL_CONTENT_CONTRACT_V0.1.json,planning/inputs/pages/products/detail-template/06_handoff/GRADE-M2196_PRODUCT_DETAIL_CONTENT_CONTRACT_V0.1.json,6adb2a350f3e7f2a3f5138969e4a16a5f7e81993a25729a4906838fb2116ca3c,content
765c66ed2b2d9d42cacab9009c7b17830cfdedf5,pages/products/detail-template/06_handoff/GRADE-M2377_PRODUCT_DETAIL_CONTENT_CONTRACT_V0.1.json,planning/inputs/pages/products/detail-template/06_handoff/GRADE-M2377_PRODUCT_DETAIL_CONTENT_CONTRACT_V0.1.json,f735a9ff9486e8693b5e59e9bf25bbad39f4b46d1b47ddac630225d540afb7fa,content
765c66ed2b2d9d42cacab9009c7b17830cfdedf5,pages/products/detail-template/06_handoff/GRADE-M340_PRODUCT_DETAIL_CONTENT_CONTRACT_V0.1.json,planning/inputs/pages/products/detail-template/06_handoff/GRADE-M340_PRODUCT_DETAIL_CONTENT_CONTRACT_V0.1.json,8df979421b4d716ba82e910a42f62bf4982102bf00d82db2782578f5b5ab93a6,content
765c66ed2b2d9d42cacab9009c7b17830cfdedf5,pages/products/detail-template/06_handoff/GRADE-M510_PRODUCT_DETAIL_CONTENT_CONTRACT_V0.1.json,planning/inputs/pages/products/detail-template/06_handoff/GRADE-M510_PRODUCT_DETAIL_CONTENT_CONTRACT_V0.1.json,09b41e1ab403372495d4be8db3ddd1260a710e310327fc289d8d344b05ab095c,content
765c66ed2b2d9d42cacab9009c7b17830cfdedf5,pages/products/detail-template/06_handoff/GRADE-M52_PRODUCT_DETAIL_CONTENT_CONTRACT_V0.1.json,planning/inputs/pages/products/detail-template/06_handoff/GRADE-M52_PRODUCT_DETAIL_CONTENT_CONTRACT_V0.1.json,977a72af33377f7a3cab12c4f72314e93cfd79f2be0ccfcfd62a3a2d009de1a7,content
765c66ed2b2d9d42cacab9009c7b17830cfdedf5,pages/products/detail-template/06_handoff/GRADE-M886_PRODUCT_DETAIL_CONTENT_CONTRACT_V0.1.json,planning/inputs/pages/products/detail-template/06_handoff/GRADE-M886_PRODUCT_DETAIL_CONTENT_CONTRACT_V0.1.json,d4a68225cc29b06d9b9700db5cfa9c8d74c154c49e643a450a24b759981267b0,content
765c66ed2b2d9d42cacab9009c7b17830cfdedf5,pages/products/detail-template/06_handoff/GRADE-M895_PRODUCT_DETAIL_CONTENT_CONTRACT_V0.1.json,planning/inputs/pages/products/detail-template/06_handoff/GRADE-M895_PRODUCT_DETAIL_CONTENT_CONTRACT_V0.1.json,ccbab8ef7bebb5641f409cf0925e861d57990eb53186448473754e88b48e3a5a,content
765c66ed2b2d9d42cacab9009c7b17830cfdedf5,pages/products/detail-template/06_handoff/GRADE-M896_PRODUCT_DETAIL_CONTENT_CONTRACT_V0.2.json,planning/inputs/pages/products/detail-template/06_handoff/GRADE-M896_PRODUCT_DETAIL_CONTENT_CONTRACT_V0.2.json,ba735fa0570e81f8055c76b7ac7b434498446bbd5540a1f2a32f0a9e6f3ec03a,content
765c66ed2b2d9d42cacab9009c7b17830cfdedf5,pages/products/detail-template/06_handoff/GRADE-M996_PRODUCT_DETAIL_CONTENT_CONTRACT_V0.1.json,planning/inputs/pages/products/detail-template/06_handoff/GRADE-M996_PRODUCT_DETAIL_CONTENT_CONTRACT_V0.1.json,4eaf22aa4f3f551f27cb83b41d644caa59312b6ef20f02bcbd9aa6522f3ec66a,content
765c66ed2b2d9d42cacab9009c7b17830cfdedf5,pages/products/sulfate-process/04_planning/PRODUCT-PROC-SU_GATE2_FULL_BUYER_CLEAN_COPY_V0.2.md,planning/inputs/pages/products/sulfate-process/04_planning/PRODUCT-PROC-SU_GATE2_FULL_BUYER_CLEAN_COPY_V0.2.md,8534c95765d8cb7869a686f20963f862f9f155555b49d6ada17fa5e310304fda,content
765c66ed2b2d9d42cacab9009c7b17830cfdedf5,pages/products/sulfate-process/04_planning/gate4-v0.1/PRODUCT-PROC-SU_GATE4_COMPLETE_VISUAL_V0.1.html,planning/inputs/pages/products/sulfate-process/04_planning/gate4-v0.1/PRODUCT-PROC-SU_GATE4_COMPLETE_VISUAL_V0.1.html,e17a3fafb143b2a9c7d9b72661093bdb237d453c162b6a7f38feb209cbea485c,visual
765c66ed2b2d9d42cacab9009c7b17830cfdedf5,pages/products/sulfate-process/04_planning/gate4-v0.1/dependencies/Inter-Variable.ttf,planning/inputs/pages/products/sulfate-process/04_planning/gate4-v0.1/dependencies/Inter-Variable.ttf,29160a80ff49ddcab2c97711247e08b1fab27a484a329ce8b813d820dc559031,visual dependency
765c66ed2b2d9d42cacab9009c7b17830cfdedf5,pages/products/sulfate-process/04_planning/gate4-v0.1/dependencies/tio2-malaysia-primary-horizontal-v0.1.svg,planning/inputs/pages/products/sulfate-process/04_planning/gate4-v0.1/dependencies/tio2-malaysia-primary-horizontal-v0.1.svg,eeed3a758e7ae1b847238d1c88e86eee7a8e67b863969af4d286747e9a72487c,visual dependency
765c66ed2b2d9d42cacab9009c7b17830cfdedf5,pages/products/sulfate-process/04_planning/gate4-v0.1/dependencies/tio2-malaysia-reverse-monochrome-v0.1.svg,planning/inputs/pages/products/sulfate-process/04_planning/gate4-v0.1/dependencies/tio2-malaysia-reverse-monochrome-v0.1.svg,7cfaeafa02ac8469a006c9489db2f92b15b2621e4151b04efe1b30fc734c1b5e,visual dependency
765c66ed2b2d9d42cacab9009c7b17830cfdedf5,pages/products/sulfate-process/04_planning/gate4-v0.1/visual-direction.css,planning/inputs/pages/products/sulfate-process/04_planning/gate4-v0.1/visual-direction.css,c9c3cd702764928f528f6be9824857b958df363171c5a1fff77fae204a2cfd99,visual dependency
765c66ed2b2d9d42cacab9009c7b17830cfdedf5,pages/resources/04_planning/RES-ORIGIN_CONTENT_ARCHITECTURE_V0.2.md,planning/inputs/pages/resources/04_planning/RES-ORIGIN_CONTENT_ARCHITECTURE_V0.2.md,0d1936e9701204adcc0a3add414a6e3219934ec3923d3e04a6fe82a8dd3bcd46,content
765c66ed2b2d9d42cacab9009c7b17830cfdedf5,pages/resources/04_planning/RES-PROC_GATE2_CONTENT_ARCHITECTURE_V0.3.md,planning/inputs/pages/resources/04_planning/RES-PROC_GATE2_CONTENT_ARCHITECTURE_V0.3.md,44383fc94bfa638061946452bfbbeb66e2501092f68871c851d744f72fd4dfe7,content
765c66ed2b2d9d42cacab9009c7b17830cfdedf5,pages/resources/04_planning/d32-gate4-v0.2/RES-000_D32_GATE4.css,planning/inputs/pages/resources/04_planning/d32-gate4-v0.2/RES-000_D32_GATE4.css,6a7d4ff38820400db1b6c91be171b8a1c77d96816f76d6685c81bad50bcd8974,visual dependency
765c66ed2b2d9d42cacab9009c7b17830cfdedf5,pages/resources/04_planning/d32-gate4-v0.2/RES-000_D32_GATE4.html,planning/inputs/pages/resources/04_planning/d32-gate4-v0.2/RES-000_D32_GATE4.html,e40e582538b8411d2dbf1347d3faf939c472d95cbed90137d06399d4ee7e60ec,visual
765c66ed2b2d9d42cacab9009c7b17830cfdedf5,pages/resources/04_planning/visual-designs/RES-ORIGIN_GATE5_FULL_VISUAL_SPEC_V0.1.md,planning/inputs/pages/resources/04_planning/visual-designs/RES-ORIGIN_GATE5_FULL_VISUAL_SPEC_V0.1.md,2ca7d23746af4a80cf824155f19a27056f9f1a079b498f8940d54ec67c5c6343,visual
765c66ed2b2d9d42cacab9009c7b17830cfdedf5,pages/resources/04_planning/visual-designs/RES-PROC_GATE5_FULL_VISUAL_V0.1.html,planning/inputs/pages/resources/04_planning/visual-designs/RES-PROC_GATE5_FULL_VISUAL_V0.1.html,66e3e0643cd649b471aaf3b5963a49e198de4f20c4d996f0a464b0e060e4fadd,visual
765c66ed2b2d9d42cacab9009c7b17830cfdedf5,pages/resources/04_planning/visual-designs/assets/RES-ORIGIN_G5_DESKTOP_1440_V0.1.png,planning/inputs/pages/resources/04_planning/visual-designs/assets/RES-ORIGIN_G5_DESKTOP_1440_V0.1.png,994b65ef3df6f27c54bcf8018001b9852bd07a5877393f9545db9571d710cbca,final visual reference
765c66ed2b2d9d42cacab9009c7b17830cfdedf5,pages/resources/04_planning/visual-designs/assets/RES-ORIGIN_G5_FAQ_FOCUS_STATE_1440_V0.1.png,planning/inputs/pages/resources/04_planning/visual-designs/assets/RES-ORIGIN_G5_FAQ_FOCUS_STATE_1440_V0.1.png,ca8fae0ded6486851f7e3f2ca77b49f60e910d1c153fc2571492dbbd2a482f41,final visual reference
765c66ed2b2d9d42cacab9009c7b17830cfdedf5,pages/resources/04_planning/visual-designs/assets/RES-ORIGIN_G5_MOBILE_390_LOGICAL_AT2X_V0.1.png,planning/inputs/pages/resources/04_planning/visual-designs/assets/RES-ORIGIN_G5_MOBILE_390_LOGICAL_AT2X_V0.1.png,1f2471aa119df31164e2c82894f23c0217a4bc0bf46614a8c569048b0cbfe1dd,final visual reference
765c66ed2b2d9d42cacab9009c7b17830cfdedf5,pages/resources/04_planning/visual-designs/assets/RES-ORIGIN_G5_MOBILE_MENU_OPEN_390_LOGICAL_AT2X_V0.1.png,planning/inputs/pages/resources/04_planning/visual-designs/assets/RES-ORIGIN_G5_MOBILE_MENU_OPEN_390_LOGICAL_AT2X_V0.1.png,0b0fa77e2ad72b862378e5bb5a4f6335b44798585ad826e1ca1c8b62010508f6,final visual reference
765c66ed2b2d9d42cacab9009c7b17830cfdedf5,pages/resources/brazil-trade/04_planning/RES-TRADE-BR_GATE2_FULL_BUYER_CLEAN_COPY_V0.2.md,planning/inputs/pages/resources/brazil-trade/04_planning/RES-TRADE-BR_GATE2_FULL_BUYER_CLEAN_COPY_V0.2.md,bb83adeb1a2a21ee7b7c4d854d569d5b73ba6a9fc75421a387fe9eeded5b6c5f,content
765c66ed2b2d9d42cacab9009c7b17830cfdedf5,pages/resources/brazil-trade/04_planning/gate4-v0.1/RES-TRADE-BR_GATE4_FULL_VISUAL_V0.1.html,planning/inputs/pages/resources/brazil-trade/04_planning/gate4-v0.1/RES-TRADE-BR_GATE4_FULL_VISUAL_V0.1.html,bc7c17dee83596aa480bda6c6764d37931ccf830e0c7a2fe0c24e4c272f2ddeb,visual
765c66ed2b2d9d42cacab9009c7b17830cfdedf5,pages/resources/brazil-trade/04_planning/gate4-v0.1/dependencies/Inter-Variable.ttf,planning/inputs/pages/resources/brazil-trade/04_planning/gate4-v0.1/dependencies/Inter-Variable.ttf,29160a80ff49ddcab2c97711247e08b1fab27a484a329ce8b813d820dc559031,visual dependency
765c66ed2b2d9d42cacab9009c7b17830cfdedf5,pages/resources/chemours-alternatives/04_planning/RES-CHEMOURS_GATE2_FULL_BUYER_CLEAN_COPY_V0.3.md,planning/inputs/pages/resources/chemours-alternatives/04_planning/RES-CHEMOURS_GATE2_FULL_BUYER_CLEAN_COPY_V0.3.md,91ae0f0c13701dd9be8f8cdb68fe81781ebd7ad5f6e460ab022ac3466561e5f6,content
765c66ed2b2d9d42cacab9009c7b17830cfdedf5,pages/resources/chemours-alternatives/04_planning/gate4-v0.1/RES-CHEMOURS_GATE4_COMPLETE_VISUAL_V0.1.html,planning/inputs/pages/resources/chemours-alternatives/04_planning/gate4-v0.1/RES-CHEMOURS_GATE4_COMPLETE_VISUAL_V0.1.html,0bfcf6283310b7eb14699428e87e1b50aa4aeb8b8ff98bf9ced52fcd45e464d2,visual
765c66ed2b2d9d42cacab9009c7b17830cfdedf5,pages/resources/chemours-alternatives/04_planning/gate4-v0.1/dependencies/Inter-Variable.ttf,planning/inputs/pages/resources/chemours-alternatives/04_planning/gate4-v0.1/dependencies/Inter-Variable.ttf,29160a80ff49ddcab2c97711247e08b1fab27a484a329ce8b813d820dc559031,visual dependency
765c66ed2b2d9d42cacab9009c7b17830cfdedf5,pages/resources/eu-trade/04_planning/RES-TRADE-EU_GATE2_FULL_BUYER_CLEAN_COPY_V0.2.md,planning/inputs/pages/resources/eu-trade/04_planning/RES-TRADE-EU_GATE2_FULL_BUYER_CLEAN_COPY_V0.2.md,9e119c657d6eed9346ef132e0c2039a5c99327fb9087a273df689b8a2d8a8cb1,content
765c66ed2b2d9d42cacab9009c7b17830cfdedf5,pages/resources/eu-trade/04_planning/gate4-v0.1/RES-TRADE-EU_GATE4_COMPLETE_VISUAL_V0.1.html,planning/inputs/pages/resources/eu-trade/04_planning/gate4-v0.1/RES-TRADE-EU_GATE4_COMPLETE_VISUAL_V0.1.html,c525751ddb4002493a4d5303fb1f5930ed69e0ff489f224e26765a7cced29bbf,visual
765c66ed2b2d9d42cacab9009c7b17830cfdedf5,pages/resources/eu-trade/04_planning/gate4-v0.1/dependencies/Inter-Variable.ttf,planning/inputs/pages/resources/eu-trade/04_planning/gate4-v0.1/dependencies/Inter-Variable.ttf,29160a80ff49ddcab2c97711247e08b1fab27a484a329ce8b813d820dc559031,visual dependency
765c66ed2b2d9d42cacab9009c7b17830cfdedf5,pages/resources/india-trade/04_planning/RES-TRADE-IN_GATE2_FULL_BUYER_CLEAN_COPY_V0.2.md,planning/inputs/pages/resources/india-trade/04_planning/RES-TRADE-IN_GATE2_FULL_BUYER_CLEAN_COPY_V0.2.md,1234d6f2b0615aa5da488ef51dde282251e175315d9f34e140080e7e3a65252a,content
765c66ed2b2d9d42cacab9009c7b17830cfdedf5,pages/resources/india-trade/04_planning/gate4-v0.1/RES-TRADE-IN_GATE4_COMPLETE_VISUAL_V0.1.html,planning/inputs/pages/resources/india-trade/04_planning/gate4-v0.1/RES-TRADE-IN_GATE4_COMPLETE_VISUAL_V0.1.html,617d8371fa0e73dc14e571ce9b3c75c8d84390c638e19039487db4f432e5d833,visual
765c66ed2b2d9d42cacab9009c7b17830cfdedf5,pages/resources/r706-alternative/04_planning/RES-R706_GATE2_FULL_BUYER_CLEAN_COPY_V0.3.md,planning/inputs/pages/resources/r706-alternative/04_planning/RES-R706_GATE2_FULL_BUYER_CLEAN_COPY_V0.3.md,e19dcd07107cd20a368377abadaf607a4945f9a8614d96b3a7eeda894e40419b,content
765c66ed2b2d9d42cacab9009c7b17830cfdedf5,pages/resources/r706-alternative/04_planning/gate4-v0.1/RES-R706_GATE4_COMPLETE_VISUAL_V0.1.html,planning/inputs/pages/resources/r706-alternative/04_planning/gate4-v0.1/RES-R706_GATE4_COMPLETE_VISUAL_V0.1.html,decf85559122c536ee51b3b6da0a3f3165e9e8542a771b0c279382ec229e5041,visual
765c66ed2b2d9d42cacab9009c7b17830cfdedf5,pages/resources/uk-trade/04_planning/RES-TRADE-UK_GATE2_FULL_BUYER_CLEAN_COPY_V0.3.md,planning/inputs/pages/resources/uk-trade/04_planning/RES-TRADE-UK_GATE2_FULL_BUYER_CLEAN_COPY_V0.3.md,e2df4ca206fc64e984f57d6171b3037d665f279c786405a4081ebb2e63c7ac97,content
765c66ed2b2d9d42cacab9009c7b17830cfdedf5,pages/resources/uk-trade/04_planning/gate4-v0.1/RES-TRADE-UK_GATE4_COMPLETE_VISUAL_V0.1.html,planning/inputs/pages/resources/uk-trade/04_planning/gate4-v0.1/RES-TRADE-UK_GATE4_COMPLETE_VISUAL_V0.1.html,9ca15ee7ef19e0949b6bb383bfda20fb9ad2fce50e816ee508786f4958a457ee,visual
765c66ed2b2d9d42cacab9009c7b17830cfdedf5,pages/resources/uk-trade/04_planning/gate4-v0.1/dependencies/Inter-Variable.ttf,planning/inputs/pages/resources/uk-trade/04_planning/gate4-v0.1/dependencies/Inter-Variable.ttf,29160a80ff49ddcab2c97711247e08b1fab27a484a329ce8b813d820dc559031,visual dependency
765c66ed2b2d9d42cacab9009c7b17830cfdedf5,pages/system/404/04_planning/SYS-404_GATE2_FULL_BUYER_CLEAN_COPY_V0.1.md,planning/inputs/pages/system/404/04_planning/SYS-404_GATE2_FULL_BUYER_CLEAN_COPY_V0.1.md,2d95185640f1855f5c98a104434db74fdfcef2e9c0a90b36181e3e5ee1a3fcfc,content
765c66ed2b2d9d42cacab9009c7b17830cfdedf5,pages/system/404/04_planning/gate4-v0.2/SYS-404_GATE4_COMPLETE_VISUAL_V0.2.html,planning/inputs/pages/system/404/04_planning/gate4-v0.2/SYS-404_GATE4_COMPLETE_VISUAL_V0.2.html,fc42439402367d16fbcba6a82a30e42c403cd5c00fc480f5b296bb1e5d2f485a,visual
765c66ed2b2d9d42cacab9009c7b17830cfdedf5,pages/system/404/04_planning/gate4-v0.2/dependencies/Inter-Variable.ttf,planning/inputs/pages/system/404/04_planning/gate4-v0.2/dependencies/Inter-Variable.ttf,29160a80ff49ddcab2c97711247e08b1fab27a484a329ce8b813d820dc559031,visual dependency
765c66ed2b2d9d42cacab9009c7b17830cfdedf5,pages/system/404/04_planning/gate4-v0.2/dependencies/tio2-malaysia-primary-horizontal-v0.1.svg,planning/inputs/pages/system/404/04_planning/gate4-v0.2/dependencies/tio2-malaysia-primary-horizontal-v0.1.svg,eeed3a758e7ae1b847238d1c88e86eee7a8e67b863969af4d286747e9a72487c,visual dependency
765c66ed2b2d9d42cacab9009c7b17830cfdedf5,pages/system/404/04_planning/gate4-v0.2/dependencies/tio2-malaysia-reverse-monochrome-v0.1.svg,planning/inputs/pages/system/404/04_planning/gate4-v0.2/dependencies/tio2-malaysia-reverse-monochrome-v0.1.svg,7cfaeafa02ac8469a006c9489db2f92b15b2621e4151b04efe1b30fc734c1b5e,visual dependency
765c66ed2b2d9d42cacab9009c7b17830cfdedf5,research/keyword/08_research_summary.md,planning/inputs/research/keyword/08_research_summary.md,ed166a27493add0fa2d661cf23acd4e7e814e9f567d77546cae064607e3ce1fd,dated keyword research
765c66ed2b2d9d42cacab9009c7b17830cfdedf5,docs/7.27 马来全套TDS +应用指南/2-LBR996-TITAN.pdf,planning/products/tds/2-LBR996-TITAN.pdf,1dcd540501f2d63e5e2bf5ba7bdee086862e0d4437185711b2e03ebc54d6caae,technical document
765c66ed2b2d9d42cacab9009c7b17830cfdedf5,docs/7.27 马来全套TDS +应用指南/7.27/IKHLAS_Titanium_Application_and_Google_Keyword_Guide_EN.pdf,planning/products/tds/IKHLAS_Titanium_Application_and_Google_Keyword_Guide_EN.pdf,42e84891342fcc169bfadc5a0942cd6784e638ea3407641baa901d45b9d7da60,technical document
765c66ed2b2d9d42cacab9009c7b17830cfdedf5,docs/7.27 马来全套TDS +应用指南/TDS-SR2377.pdf,planning/products/tds/TDS-SR2377.pdf,64f8e925de836e961e8b9ff1969d20c6526854ffbad99e409bcb800ea0c5451f,technical document
765c66ed2b2d9d42cacab9009c7b17830cfdedf5,docs/7.27 马来全套TDS +应用指南/7.27/TDS_CR-200_2024 V3.pdf,planning/products/tds/TDS_CR-200_2024 V3.pdf,1607ab81add23973b15ca2808f637d7b1fae55eee8a305606fa0312b6b3381d9,technical document
765c66ed2b2d9d42cacab9009c7b17830cfdedf5,docs/7.27 马来全套TDS +应用指南/7.27/TDS_CR-901_.pdf,planning/products/tds/TDS_CR-901_.pdf,5d742146c2dfab167854a2c43c4e16d29f3334c4f56cfbd5560e8c132c1eea29,technical document
765c66ed2b2d9d42cacab9009c7b17830cfdedf5,docs/7.27 马来全套TDS +应用指南/7.27/TDS_M-210_ FDA GRADE V3_2023.pdf,planning/products/tds/TDS_M-210_ FDA GRADE V3_2023.pdf,3d0612174de7bdd5eee0454b62b1c44f8902413a564616a8c37383280ff1f8cc,technical document
765c66ed2b2d9d42cacab9009c7b17830cfdedf5,docs/7.27 马来全套TDS +应用指南/7.27/TDS_M-2377_V3_2023.pdf,planning/products/tds/TDS_M-2377_V3_2023.pdf,892054a6fb3a29768414a4c955eb454c76a675f894b97fa55746f98cbf0a591b,technical document
765c66ed2b2d9d42cacab9009c7b17830cfdedf5,docs/7.27 马来全套TDS +应用指南/TDS_M-350_V3_2023.pdf,planning/products/tds/TDS_M-350_V3_2023.pdf,881a1f9c6db4c1ff52702bff8be984c8795d2bb7eaaf0af43521929719522b58,technical document
765c66ed2b2d9d42cacab9009c7b17830cfdedf5,docs/7.27 马来全套TDS +应用指南/7.27/TDS_M-510_TME TMP FREE.pdf,planning/products/tds/TDS_M-510_TME TMP FREE.pdf,63e20c79d883975eb31453bc80aabfaf26ebee73533d51b6a6b15530172e2167,technical document
765c66ed2b2d9d42cacab9009c7b17830cfdedf5,docs/7.27 马来全套TDS +应用指南/7.27/TDS_M-52_V3_2023.pdf,planning/products/tds/TDS_M-52_V3_2023.pdf,c3e81c2b6df86ee7b7dff4f04bff8842dc84e8253aabcde6cb030a424008de30,technical document
765c66ed2b2d9d42cacab9009c7b17830cfdedf5,docs/7.27 马来全套TDS +应用指南/7.27/TDS_M-886_IKHLAS_V1_2026.pdf,planning/products/tds/TDS_M-886_IKHLAS_V1_2026.pdf,1ec47c246f788effb842e3a68e541510dd6284cdff2ca3d8961c48eff02ffaf6,technical document
765c66ed2b2d9d42cacab9009c7b17830cfdedf5,docs/7.27 马来全套TDS +应用指南/7.27/TDS_M-895_IKHLAS_V1_2026.pdf,planning/products/tds/TDS_M-895_IKHLAS_V1_2026.pdf,5b7e11f6cb3e05ffd5212197faaf43e14f10704bdec5f6d258576e3bc17d40c5,technical document
765c66ed2b2d9d42cacab9009c7b17830cfdedf5,docs/7.27 马来全套TDS +应用指南/7.27/TDS_M-996_V3_2023.pdf,planning/products/tds/TDS_M-996_V3_2023.pdf,956676d2a0ecf58e26955b478eb008d8870ac3cdd9f30f48af65319fdfc90963,technical document
765c66ed2b2d9d42cacab9009c7b17830cfdedf5,docs/7.27 马来全套TDS +应用指南/7.27/TDS_M108_IKHLAS_2023V3.pdf,planning/products/tds/TDS_M108_IKHLAS_2023V3.pdf,dfc2f01db23eb67cb2c7e596af7b5101ea785422c8b5f7d1d58986104f88fb18,technical document
765c66ed2b2d9d42cacab9009c7b17830cfdedf5,docs/7.27 马来全套TDS +应用指南/7.27/TDS_M2196_IKHLAS_2024V3.pdf,planning/products/tds/TDS_M2196_IKHLAS_2024V3.pdf,c26f801059aee3b0aff5fa100e0c4ce9fec529f4e70549f4312d1b981fed041f,technical document
765c66ed2b2d9d42cacab9009c7b17830cfdedf5,docs/7.27 马来全套TDS +应用指南/7.27/TDS_M340_IKHLAS_2023V.pdf,planning/products/tds/TDS_M340_IKHLAS_2023V.pdf,9950fce6efca4f11cc4fff81777653ac15028cfce74236873a35eb21feb927ed,technical document
765c66ed2b2d9d42cacab9009c7b17830cfdedf5,docs/7.27 马来全套TDS +应用指南/TDS_M896_IKHLAS_2023V3.pdf,planning/products/tds/TDS_M896_IKHLAS_2023V3.pdf,5115450c184397e774ae652cacbc009682793ad1659831ebb35a6737251fc90e,technical document
765c66ed2b2d9d42cacab9009c7b17830cfdedf5,docs/7.27 马来全套TDS +应用指南/7.27/TDS_M_886_.pdf,planning/products/tds/TDS_M_886_.pdf,32ed1bed3bbdc8ecce7155360797b8104b128f37496cc5fac83aa95d11123655,technical document
765c66ed2b2d9d42cacab9009c7b17830cfdedf5,docs/7.27 马来全套TDS +应用指南/7.27/TDS_M_895_.pdf,planning/products/tds/TDS_M_895_.pdf,ca05fabdffe1382e86765eeb57bed1f2fa177fe0ed7548aa36eb3814018d794d,technical document
